word1,word2,similarity_score_1,similarity_score_2,similarity_score_3,similarity_score_4,similarity_score_5,similarity_score_6,similarity_score_7,similarity_score_8,similarity_score_9,similarity_score_10,similarity_score_11,similarity_score_12,similarity_score_13,similarity_score_14,similarity_score_15
boy,soldier,3.25,6.25,6.5,3.56,3.5,3.2,3.25,3.5,2.5,6.25,3.5,3.6,6.25,3.5,3.25
belly,abdomen,8.0,7.5,8.0,9.0,8.0,8.5,9.0,9.5,8.0,8.0,8.5,9.0,8.0,8.0,9.5
guy,girl,6.5,7.5,2.5,6.5,7.5,7.5,8.0,6.5,7.5,8.5,6.5,7.5,8.8,8.2,7.5
bed,chair,2.5,0.21,1.5,2.5,2.0,1.7,3.0,2.5,2.0,1.25,2.5,0.15,2.0,2.5,2.5
clothes,jacket,6.25,6.5,6.5,5.5,6.5,6.0,6.5,6.25,7.0,6.5,6.2,7.0,6.5,6.0,6.5
gun,knife,3.0,2.5,3.45,2.5,2.5,2.0,3.5,2.63,1.89,6.12,1.65,2.0,1.25,6.5,1.5
tin,metal,7.5,7.21,6.25,6.25,6.5,7.0,7.5,6.25,6.83,8.0,5.4,4.24,7.65,7.0,7.89
bottle,container,6.5,6.0,7.5,6.5,7.5,6.43,6.5,7.0,8.5,6.5,6.5,7.8,7.5,7.5,7.5
hen,turkey,1.05,3.5,3.0,4.0,0.29,2.0,2.5,2.0,1.5,0.2,1.2,0.24,2.92,0.27,1.1
meat,bread,2.0,1.2,0.31,3.25,1.5,3.0,2.1,1.5,3.2,1.5,2.0,2.5,0.29,1.55,2.56
arm,bone,0.2,1.2,2.12,0.31,2.5,2.5,2.0,0.02,2.5,2.5,2.5,2.8,2.67,2.67,0.21
neck,spine,6.0,6.5,6.0,7.5,5.0,6.25,6.33,5.0,6.67,6.5,6.67,7.5,6.25,5.0,6.85
apple,lemon,1.78,0.2,1.8,0.28,0.2,1.73,0.15,0.21,0.15,0.3,1.0,2.0,0.1,0.13,1.2
agony,grief,8.0,7.0,7.5,7.5,7.0,7.0,8.5,7.5,7.0,7.5,8.5,7.5,7.2,6.25,8.0
assignment,task,8.5,8.0,8.5,8.5,8.5,9.0,8.5,8.5,7.5,8.0,8.0,6.5,8.5,8.5,7.5
night,dawn,6.5,6.25,6.4,7.5,6.5,5.8,8.25,7.5,6.0,5.0,5.0,4.75,0.3,5.67,7.5
dinner,soup,3.5,2.0,2.5,3.2,0.35,1.5,2.5,6.0,2.0,2.5,2.5,2.5,2.5,3.0,2.5
calf,bull,2.3,2.5,4.0,4.0,6.2,6.0,6.0,5.43,6.5,3.25,5.0,5.2,3.5,3.0,5.0
snow,storm,3.45,7.5,0.2,0.29,4.5,6.5,6.25,0.48,6.5,3.5,6.25,5.5,6.0,6.5,6.5
nail,hand,0.24,1.43,1.15,2.5,2.13,3.2,1.67,3.56,0.18,2.5,2.0,1.5,0.43,2.5,2.15
dog,horse,0.15,0.5,3.2,0.37,0.43,0.43,2.7,2.5,0.29,0.2,0.55,0.1,0.3,1.77,1.5
arm,neck,0.28,3.25,0.24,0.28,2.3,1.9,1.24,2.5,0.24,1.5,0.23,2.56,0.2,1.2,1.75
ball,glove,1.0,2.5,2.0,1.5,0.35,2.5,0.31,0.15,2.5,1.5,1.23,1.0,0.12,1.73,1.05
flu,fever,7.0,6.0,8.0,7.5,6.75,6.33,7.5,7.0,7.0,8.5,7.5,6.5,7.0,6.5,7.5
fee,salary,1.67,0.17,3.5,2.0,2.0,3.5,2.14,2.0,5.21,2.0,2.5,2.56,6.0,3.0,3.0
nerve,brain,5.23,2.56,2.56,0.37,3.5,4.33,2.4,2.63,2.17,2.5,5.23,2.6,2.31,3.14,2.75
beast,animal,6.5,8.5,8.5,7.5,7.0,8.5,6.5,7.5,8.5,6.5,7.5,8.5,7.5,7.5,7.0
dinner,chicken,3.25,3.25,4.3,2.0,3.0,2.5,0.45,3.1,2.0,2.5,4.2,3.0,3.0,2.0,2.5
girl,maid,6.25,6.0,7.0,6.0,2.5,5.25,6.2,4.5,6.0,6.7,6.2,3.75,6.5,6.25,6.23
child,boy,6.0,7.0,8.5,6.5,7.0,7.5,7.5,7.5,7.0,7.0,6.5,7.1,5.0,6.75,3.67
alcohol,wine,6.25,8.0,7.5,7.5,8.5,8.5,6.5,9.0,8.0,8.0,7.5,8.5,7.5,7.5,7.5
nose,mouth,2.25,2.86,3.5,2.5,2.0,2.5,0.31,2.0,1.25,1.5,0.51,1.0,3.0,5.0,1.2
street,car,2.3,0.17,3.2,0.25,1.98,0.08,0.17,3.5,1.36,2.4,2.5,2.1,3.1,1.9,4.2
bell,door,0.0,0.1,2.5,0.1,0.0,1.25,0.12,0.1,1.5,0.0,0.23,1.3,0.01,1.0,2.15
box,hat,1.52,0.0,1.23,1.5,0.1,1.6,1.2,0.0,1.55,0.1,0.0,1.2,0.0,1.2,0.11
belief,impression,3.2,2.6,3.28,2.8,4.17,0.25,2.5,3.76,2.56,3.0,2.5,0.4,3.5,3.75,3.56
bias,opinion,2.56,2.14,3.33,3.14,3.85,3.43,2.33,1.36,2.15,1.0,2.55,3.76,2.0,3.56,3.14
attention,awareness,6.33,7.5,7.5,8.5,8.5,8.75,7.5,8.0,7.0,8.0,7.0,7.5,7.69,7.5,8.5
anger,mood,3.92,4.5,3.45,1.75,2.5,3.0,0.14,2.17,2.55,3.75,3.45,2.18,2.0,3.21,4.5
elegance,style,6.5,5.0,6.5,5.5,7.5,7.5,6.75,6.5,6.5,7.5,7.0,6.5,6.75,6.25,6.5
beauty,age,0.12,1.25,2.34,1.14,0.26,1.42,1.5,1.5,2.0,2.0,2.0,0.08,1.02,1.25,1.75
book,theme,1.2,1.43,1.56,1.2,1.59,1.12,0.29,0.01,1.94,1.22,1.21,1.2,1.2,0.24,1.55
friend,mother,1.8,0.17,0.11,0.09,1.5,2.25,2.5,1.1,0.2,0.21,0.12,2.0,2.5,2.3,0.21
vitamin,iron,0.21,2.5,1.23,0.23,0.17,0.21,2.17,0.07,2.5,0.2,1.12,0.1,0.15,0.0,0.15
car,factory,0.12,1.2,2.1,0.03,1.2,2.5,2.56,1.25,2.34,1.25,1.8,1.75,1.2,2.5,0.12
pact,condition,1.43,0.1,0.0,0.0,0.21,0.32,2.5,0.1,1.0,2.0,0.0,0.1,2.5,1.67,1.75
chapter,choice,1.21,0.04,0.02,0.32,2.27,1.45,1.34,2.5,0.12,0.14,0.3,0.3,0.0,1.0,1.5
arithmetic,rhythm,0.0,0.1,2.0,0.22,1.2,1.0,0.15,0.2,1.0,1.2,1.0,0.11,2.2,0.1,0.0
winner,presence,0.0,0.0,2.56,0.12,0.0,0.05,1.2,0.1,1.56,0.04,1.08,0.11,0.0,1.2,0.0
belief,flower,0.0,1.2,1.2,0.15,1.2,1.2,0.0,0.0,0.01,0.0,1.2,1.0,0.05,1.56,0.0
winner,goal,1.86,1.5,2.33,2.38,2.67,1.25,1.5,2.0,2.5,1.5,3.2,0.15,2.15,1.25,1.5
trick,size,0.0,0.05,0.1,0.1,0.08,1.25,2.5,1.2,0.11,0.1,1.0,0.12,0.1,0.1,1.3
choice,vein,0.0,0.0,0.0,0.0,0.12,0.0,0.0,0.0,0.0,0.1,0.0,0.0,0.0,0.1,0.0
hymn,conquest,0.1,0.0,0.0,0.0,0.12,0.0,0.05,0.01,0.0,0.0,0.08,0.1,0.0,0.14,0.02
endurance,band,1.2,0.1,0.0,0.13,0.15,1.2,0.11,0.01,0.27,0.0,0.1,0.1,0.06,0.0,0.1
jail,choice,0.0,0.1,0.05,0.0,0.0,1.0,1.2,0.03,1.2,1.2,1.2,1.5,1.25,1.0,0.0
condition,boy,0.01,0.01,0.11,0.12,0.0,0.0,1.0,0.21,0.02,0.0,1.2,0.0,0.01,1.34,0.0
flower,endurance,0.02,0.0,0.15,0.0,0.0,0.01,0.0,0.0,0.0,1.2,1.56,0.0,0.01,0.0,0.0
hole,agreement,0.06,0.0,1.0,3.1,0.07,0.02,0.05,0.01,0.09,0.03,0.01,0.13,1.0,1.0,0.04
doctor,temper,0.1,0.15,0.02,1.2,0.0,1.0,2.15,1.2,0.18,0.07,2.0,0.1,1.1,0.1,0.2
fraternity,door,0.1,0.0,0.1,0.01,0.0,0.0,0.12,0.0,0.02,0.05,0.16,0.12,1.1,0.1,0.01
task,woman,0.1,0.0,0.05,0.05,0.01,0.05,0.02,0.07,0.01,0.14,1.67,0.01,0.01,2.0,0.12
fraternity,baseball,0.12,0.0,0.02,0.1,0.0,0.0,0.12,0.0,0.1,0.18,0.0,0.0,0.0,0.01,0.2
cent,size,1.43,1.5,0.0,0.0,0.05,0.1,1.03,1.3,0.0,2.54,1.18,0.0,2.45,2.32,1.29
presence,door,0.1,0.12,0.23,0.0,0.1,1.0,0.05,0.12,0.01,0.1,0.11,0.18,0.01,2.55,0.0
mouse,management,0.12,0.01,0.02,2.53,0.07,0.09,0.12,0.14,0.06,1.35,0.24,0.12,0.11,1.2,0.1
task,highway,0.12,0.0,0.0,0.0,0.11,1.1,1.0,0.01,1.2,0.0,0.12,0.0,0.0,1.8,0.1
liquor,century,0.0,1.2,0.2,0.0,0.02,0.0,0.0,0.17,0.0,0.02,0.0,0.0,0.12,0.0,0.06
task,straw,0.0,0.0,0.0,0.0,0.0,0.0,1.0,0.0,1.43,0.0,0.0,0.0,0.0,0.0,0.0
island,task,0.01,0.0,0.0,0.0,0.0,0.0,0.1,0.06,0.01,0.0,0.03,0.0,0.0,0.0,0.08
night,chapter,0.05,0.12,0.18,0.03,0.11,0.15,0.12,0.1,1.44,1.2,1.2,0.02,0.11,0.01,0.02
pollution,president,0.01,0.15,0.05,0.0,1.2,0.02,0.12,0.15,0.0,0.01,0.24,0.06,1.23,0.0,0.03
gun,trick,1.2,1.75,0.1,1.2,1.2,0.01,0.3,0.0,2.5,1.25,0.3,0.3,0.1,0.1,1.25
bath,trick,0.05,0.12,0.1,0.12,0.1,1.2,0.1,2.0,1.23,1.2,0.1,0.14,0.14,0.06,1.2
diet,apple,0.1,0.21,1.5,3.21,4.0,0.1,0.1,0.2,0.15,1.2,0.05,0.12,0.01,2.55,0.13
cent,wife,0.0,0.0,0.0,0.0,0.0,0.0,1.9,0.0,0.0,0.0,0.01,0.0,0.0,0.01,0.0
chapter,tail,2.43,0.0,0.0,0.15,1.62,0.0,1.28,0.05,0.11,0.1,0.0,0.0,0.05,0.08,1.1
course,stomach,0.01,0.12,1.2,0.2,0.1,0.17,0.12,0.09,0.03,0.0,1.0,0.18,0.14,0.01,0.05
hymn,straw,0.0,0.0,0.0,0.0,0.0,0.0,0.0,0.0,1.25,0.0,0.0,0.0,0.0,0.0,0.0
dentist,colonel,0.1,0.0,0.01,0.0,0.01,0.0,0.12,1.0,0.1,0.11,0.0,0.1,0.1,1.2,1.25
wife,straw,0.05,0.0,0.13,0.0,0.0,0.12,0.01,0.0,0.0,0.0,0.0,0.0,0.0,0.0,0.0
hole,wife,0.0,0.0,0.0,1.0,0.0,1.2,1.25,0.0,1.23,1.2,0.0,0.0,0.0,0.1,1.0
pupil,president,0.1,0.07,0.18,1.23,0.05,1.03,0.01,0.1,1.2,0.2,0.12,1.2,0.05,0.2,1.0
bath,wife,1.25,0.1,1.5,0.0,0.22,0.0,0.0,1.1,1.2,0.0,0.0,1.2,0.01,0.0,0.05
people,cent,0.0,1.23,0.0,2.5,1.2,0.0,0.0,1.2,0.2,0.1,1.05,0.23,1.2,0.15,1.23
formula,log,0.23,2.15,2.5,2.5,0.04,0.29,2.5,1.8,1.22,2.56,0.11,1.15,2.5,2.15,1.5
woman,fur,0.23,0.21,0.02,1.2,2.12,0.01,1.4,0.01,0.16,0.12,0.05,3.2,0.07,1.2,1.27
apple,sunshine,0.0,0.0,0.0,0.0,0.0,0.0,0.0,0.12,0.0,0.05,0.0,0.09,0.0,0.09,0.0
gun,dawn,0.0,1.0,0.0,0.0,0.0,0.0,0.13,1.35,0.0,0.0,1.0,1.25,1.44,1.2,0.1
meal,waist,0.0,1.0,0.1,0.01,0.01,1.2,0.0,0.01,0.2,1.2,0.0,0.0,1.0,0.0,1.25
camera,president,0.05,0.03,0.0,0.05,0.12,1.5,0.12,0.01,1.2,0.05,1.5,0.29,0.0,0.1,0.0
liquor,band,0.01,0.09,0.0,0.12,1.2,1.2,0.1,1.25,0.0,1.25,0.1,0.0,0.0,0.12,0.05
stomach,vein,0.04,0.12,0.05,0.21,1.2,0.23,0.15,0.07,0.16,0.1,1.25,1.0,0.12,2.5,1.0
gun,fur,0.0,1.15,0.32,0.0,1.43,0.0,0.13,0.11,0.0,1.2,0.1,0.01,0.0,0.0,0.0
couch,baseball,0.1,0.01,0.15,0.1,0.04,0.0,0.05,0.05,1.25,0.0,0.0,0.0,0.0,0.01,0.1
worker,camera,0.05,0.18,0.0,0.09,1.2,1.2,0.01,1.56,0.12,1.2,0.03,1.23,0.03,0.15,0.11
deck,mouse,1.2,0.01,0.0,0.0,0.1,0.12,0.15,0.08,0.1,0.03,0.0,0.07,0.05,0.0,0.0
rice,boy,0.0,0.1,1.24,0.1,0.06,0.1,1.25,0.11,1.0,0.0,0.12,0.02,0.1,0.01,0.12
people,gun,0.0,0.15,2.5,0.07,0.15,1.23,0.05,0.14,1.0,0.03,0.02,0.33,0.32,0.08,0.03
cliff,tail,0.12,0.0,0.0,0.15,0.0,0.0,0.0,1.5,0.12,0.0,0.2,0.0,1.25,0.01,0.0
ankle,window,0.09,0.08,0.0,1.2,0.07,0.0,0.0,0.0,0.0,1.0,0.0,0.12,0.0,0.0,0.1
princess,island,0.0,0.02,0.12,0.11,1.2,0.02,0.14,0.05,0.14,1.5,1.45,0.12,0.0,0.12,0.01
container,mouse,0.29,0.12,0.05,0.05,0.12,0.23,0.2,2.0,1.23,0.12,0.05,0.21,0.21,0.06,1.2
wagon,container,2.65,2.32,0.08,1.8,0.0,0.1,2.06,0.23,0.0,2.56,0.26,1.23,0.02,1.2,0.09
people,balloon,2.0,0.0,0.07,0.0,0.12,0.0,0.12,0.15,0.0,0.0,0.06,0.06,0.0,0.04,0.11
dollar,people,0.0,0.12,0.1,1.26,0.03,0.13,2.5,0.05,0.12,1.2,0.15,0.12,0.12,0.1,1.2
bath,balloon,2.5,0.1,0.12,0.0,0.0,0.0,0.05,0.21,0.0,0.0,1.2,0.13,0.1,0.07,0.12
stomach,bedroom,0.1,0.02,0.06,0.1,0.02,0.0,0.05,0.0,0.02,0.05,0.0,0.18,0.0,0.0,0.0
bicycle,bedroom,0.05,0.1,0.18,0.06,0.1,0.14,0.12,0.0,1.2,0.0,0.02,0.0,0.0,0.0,0.2
log,bath,0.21,0.0,0.0,0.0,0.1,0.02,1.47,0.0,1.0,0.0,0.0,0.1,1.5,0.0,0.15
bowl,tail,0.12,0.0,0.0,0.21,0.0,0.0,0.0,0.0,1.2,1.2,0.1,0.0,0.0,0.19,0.05
go,come,5.25,3.0,5.0,5.0,2.8,3.5,5.0,5.5,1.25,0.25,2.5,4.13,2.45,0.0,9.0
take,steal,8.5,8.5,8.5,7.0,8.5,8.5,8.5,7.5,8.0,8.5,8.5,8.5,8.5,8.5,8.5
listen,hear,8.5,8.75,9.0,8.5,9.0,8.5,9.0,8.5,8.6,8.5,9.0,9.5,8.0,8.5,7.0
think,rationalize,7.0,6.2,6.75,6.5,7.6,5.2,4.0,7.2,5.25,6.2,6.5,5.25,6.02,7.5,6.25
occur,happen,8.5,9.0,9.0,8.5,9.5,9.5,9.0,9.0,9.0,8.5,9.0,7.5,9.0,8.5,9.0
vanish,disappear,9.0,9.5,9.0,9.0,9.5,9.0,9.0,9.5,9.5,9.0,9.5,9.0,9.5,9.0,9.0
multiply,divide,0.1,0.18,0.2,0.0,2.0,0.7,1.0,1.0,7.0,0.0,0.2,4.0,2.0,0.2,0.1
plead,beg,9.0,8.5,8.5,8.5,9.0,9.0,8.5,9.5,9.0,9.0,9.0,8.5,9.0,9.0,9.0
begin,originate,8.5,7.5,7.0,8.5,7.5,6.5,7.0,8.5,7.0,6.0,8.5,7.5,8.5,7.0,7.5
protect,defend,7.5,8.5,8.0,9.0,8.0,8.5,8.5,9.0,8.5,9.0,8.5,8.5,8.5,9.0,8.0
kill,destroy,8.0,7.5,8.7,8.5,8.0,6.0,7.5,7.5,7.5,8.0,7.5,7.5,8.0,8.0,8.5
create,make,7.0,8.5,7.5,8.0,8.5,8.5,7.0,8.5,8.2,7.5,8.5,8.5,8.5,8.5,8.5
accept,reject,0.01,1.0,0.0,1.0,0.1,0.33,2.0,2.0,2.0,0.0,2.0,1.0,0.17,0.0,0.25
ignore,avoid,5.0,6.0,7.0,7.0,6.0,6.0,7.0,7.0,6.0,7.0,5.0,7.0,7.0,7.5,7.0
carry,bring,7.5,8.0,8.0,7.0,6.5,6.0,7.0,6.67,7.5,6.31,6.0,6.67,8.5,5.5,8.0
leave,enter,0.0,0.05,2.0,0.41,1.0,2.5,2.0,1.0,1.0,1.0,0.1,0.0,0.1,2.0,2.5
choose,elect,8.0,8.0,8.5,8.5,8.0,8.5,8.0,8.5,8.5,8.0,8.0,8.0,7.5,7.5,7.0
lose,fail,8.5,8.5,8.0,9.0,7.0,8.5,8.0,8.0,8.5,8.0,6.25,7.5,7.5,8.0,8.5
encourage,discourage,0.0,8.0,7.5,2.5,3.33,8.5,8.0,2.5,8.0,8.0,8.0,9.0,8.0,8.0,8.33
achieve,accomplish,9.5,9.5,8.5,9.75,9.0,9.5,9.5,8.5,9.8,9.5,9.5,9.0,9.67,9.0,9.5
make,construct,7.5,8.5,9.0,8.5,8.0,8.5,8.5,8.0,8.5,8.8,8.5,8.0,8.5,7.5,8.0
listen,obey,6.5,3.0,5.0,3.55,3.0,5.0,6.0,3.2,3.25,7.0,1.0,6.0,5.0,3.5,0.56
inform,notify,8.0,8.5,8.0,8.0,8.5,8.5,9.0,8.5,8.5,8.0,8.5,8.5,8.5,8.5,8.5
receive,give,1.33,2.0,1.25,8.2,1.67,2.5,2.0,3.0,1.2,1.33,2.5,0.0,2.5,2.0,3.0
borrow,beg,4.2,6.0,6.0,2.75,4.0,6.0,2.5,4.5,1.0,3.0,5.0,3.5,2.0,2.0,2.5
take,obtain,8.0,8.0,8.5,8.0,8.5,8.5,8.5,8.5,8.0,8.5,7.5,7.5,9.0,8.33,7.0
advise,recommend,8.0,8.5,8.5,8.5,8.5,8.5,8.5,8.0,8.0,8.5,8.5,9.0,8.0,8.5,9.0
imitate,portray,6.0,6.0,4.0,5.66,5.0,5.0,6.5,3.33,6.5,0.36,5.0,2.5,4.5,3.51,6.0
win,succeed,7.0,7.0,8.5,5.0,7.5,8.0,7.5,8.5,7.5,7.25,8.5,6.5,8.5,7.0,8.5
think,decide,6.25,5.0,3.0,3.0,6.42,5.03,3.5,4.08,4.2,4.5,2.23,6.5,6.25,3.2,6.0
greet,meet,7.5,5.0,4.0,7.0,6.0,7.5,6.67,5.0,6.0,6.33,6.5,6.5,6.0,6.0,7.0
agree,argue,2.0,0.3,2.0,2.0,2.25,1.57,1.0,1.0,2.5,2.5,3.0,1.5,1.0,1.5,1.0
enjoy,entertain,6.5,6.2,6.5,7.5,6.5,4.0,6.0,7.0,8.0,7.0,7.5,7.0,6.25,6.5,7.5
destroy,make,1.85,2.17,1.56,0.13,1.25,1.34,1.03,1.7,1.65,1.58,1.39,1.86,1.5,0.05,2.75
save,protect,7.5,5.57,7.5,6.0,7.0,8.0,6.67,7.0,6.0,8.5,7.0,6.0,7.5,7.0,7.0
give,lend,6.67,6.5,7.5,8.5,6.0,6.5,7.5,8.5,6.0,7.0,8.0,7.0,8.0,7.5,6.0
understand,know,7.5,8.5,8.0,8.5,7.0,7.5,7.0,7.0,6.5,8.75,8.0,8.5,8.0,8.5,7.0
take,receive,8.5,7.0,8.5,8.0,7.5,6.14,8.0,8.0,8.0,7.5,6.0,8.0,8.0,7.5,8.5
accept,acknowledge,7.5,8.0,7.5,8.0,7.0,7.5,7.0,8.0,7.5,7.5,8.5,7.0,7.0,7.5,8.0
decide,choose,9.0,8.75,8.5,8.0,8.0,8.0,8.0,8.5,7.5,8.5,8.0,8.56,8.0,9.0,8.0
accept,believe,1.5,2.0,2.5,2.1,1.25,2.0,2.5,3.84,1.5,2.5,3.0,2.0,2.5,1.2,3.65
keep,possess,7.0,7.5,8.0,7.5,8.5,6.5,7.0,6.25,6.5,7.5,6.0,5.5,7.0,6.2,6.0
roam,wander,8.5,8.5,7.5,9.0,9.5,9.5,9.0,9.0,8.5,8.5,8.0,9.5,9.0,9.0,8.0
succeed,fail,0.0,0.1,0.0,0.0,2.0,1.0,1.0,0.0,2.0,1.0,1.0,0.1,1.0,1.0,1.0
spend,save,0.2,2.81,1.25,3.0,1.56,1.42,1.0,2.0,2.0,1.21,1.0,0.1,1.67,1.25,0.29
leave,go,6.0,1.9,5.0,6.03,5.0,5.0,6.25,7.0,5.0,4.55,6.0,6.0,6.0,6.2,6.0
come,attend,2.14,3.33,3.75,0.2,3.43,2.14,2.15,2.61,2.1,2.56,2.0,1.0,2.5,3.52,3.56
know,believe,2.5,5.0,5.5,3.0,3.2,5.0,3.2,3.5,3.56,3.5,2.5,3.12,3.0,2.75,2.5
gather,meet,0.24,2.0,2.5,2.43,2.0,3.0,3.5,3.33,2.0,2.0,2.84,2.5,3.0,1.2,2.8
make,earn,6.5,5.0,6.25,5.6,8.5,4.5,6.25,6.6,6.0,6.0,6.5,5.5,6.25,7.23,7.2
forget,ignore,6.5,7.75,6.33,6.6,7.0,7.0,8.0,6.67,6.67,7.5,7.0,6.0,7.5,8.5,6.67
multiply,add,2.0,4.0,2.5,2.0,1.2,3.5,2.0,2.5,2.0,2.0,3.27,3.23,3.0,1.0,5.0
shrink,grow,0.0,1.0,1.0,1.0,1.08,2.5,2.33,0.0,1.0,1.0,1.0,1.5,1.67,1.5,1.0
arrive,leave,2.5,0.0,2.5,3.0,2.5,1.0,2.5,2.5,2.0,1.67,1.0,2.0,2.5,0.0,1.0
succeed,try,0.04,2.5,3.5,0.55,1.23,0.26,3.67,0.25,3.45,3.5,2.93,0.27,3.26,2.5,4.5
accept,deny,1.0,1.0,0.1,1.0,1.0,2.1,2.5,0.1,2.0,0.25,0.14,1.2,1.0,1.5,1.0
arrive,come,7.5,9.0,8.5,8.0,8.5,8.5,8.5,8.5,7.5,8.5,8.0,8.5,8.5,8.8,8.5
agree,differ,1.0,0.12,0.1,2.5,2.0,1.0,0.1,1.0,1.0,0.05,1.0,1.0,0.0,0.2,1.5
send,receive,8.0,9.5,8.5,9.0,8.5,8.5,9.0,8.5,9.5,8.5,8.5,8.5,8.5,9.0,7.5
win,dominate,8.0,7.0,7.0,7.5,7.5,9.0,6.67,7.5,7.5,6.25,6.5,7.5,6.0,8.0,7.5
add,divide,1.25,2.5,2.5,2.0,2.1,0.2,1.67,2.0,2.0,2.5,2.5,2.5,2.0,1.67,2.1
kill,choke,2.5,4.0,5.0,2.0,4.0,2.5,3.0,3.0,3.0,4.25,2.5,2.0,6.25,3.0,5.32
acquire,get,9.0,9.0,7.5,9.0,8.5,7.0,8.5,8.5,8.67,8.0,8.5,9.0,8.0,8.0,8.0
participate,join,5.5,6.0,7.0,6.5,6.0,7.0,6.0,8.0,7.5,8.5,7.5,7.0,6.25,7.5,6.33
leave,remain,2.5,2.5,3.0,2.0,2.0,1.0,3.0,0.1,1.0,3.0,5.0,0.32,3.18,1.0,3.5
go,enter,5.0,5.1,3.75,3.0,5.0,3.5,0.1,4.23,3.25,2.0,4.07,2.12,1.77,0.7,6.25
take,carry,8.0,7.5,7.33,7.5,7.5,7.5,8.5,7.5,6.58,7.5,7.5,8.0,7.0,7.0,8.5
forget,learn,1.84,3.5,2.5,1.78,1.75,1.0,2.0,0.2,2.0,0.1,3.21,1.4,2.94,2.1,1.56
appoint,elect,6.5,7.5,6.0,6.67,6.25,6.67,6.5,6.75,5.0,6.0,6.5,6.0,5.0,6.25,5.0
engage,marry,8.0,8.5,6.0,8.5,7.5,8.2,8.5,8.0,9.0,8.5,8.2,6.0,5.0,7.0,8.5
ask,pray,3.33,5.0,3.0,3.0,3.2,5.0,6.5,5.0,1.5,3.8,1.0,1.5,2.0,3.0,3.0
go,send,2.13,3.25,1.2,3.5,4.56,2.5,2.81,2.5,2.15,3.8,2.14,0.05,2.5,0.33,0.12
take,deliver,2.5,3.33,1.83,3.0,2.67,2.5,2.0,2.12,2.5,1.5,2.5,3.0,2.5,2.0,2.33
speak,hear,0.42,5.0,4.5,3.5,0.09,2.01,4.5,3.33,5.0,0.14,6.0,1.88,6.0,2.5,2.8
analyze,evaluate,7.5,8.0,6.5,8.5,5.0,8.5,7.0,8.0,7.5,7.5,8.5,8.0,7.5,7.5,7.5
argue,rationalize,4.56,3.2,3.0,4.0,7.0,5.5,3.24,4.5,7.5,6.0,4.56,5.5,4.0,5.5,6.25
lose,keep,1.03,1.05,1.67,0.0,1.77,1.25,1.0,1.0,1.3,1.82,1.25,0.0,1.43,2.0,1.11
compare,analyze,5.0,3.0,7.5,6.5,6.0,6.0,7.5,7.5,7.5,5.0,6.0,4.0,5.0,5.5,5.6
disorganize,organize,8.2,8.0,8.0,4.17,8.5,8.5,7.5,8.0,7.5,8.5,8.0,9.0,8.5,7.0,8.0
go,allow,3.0,0.01,2.0,1.46,2.5,2.75,0.28,1.88,2.38,2.0,1.35,2.26,1.62,1.52,1.77
take,possess,6.0,7.5,5.5,7.0,6.0,7.2,7.0,7.5,8.5,7.5,6.25,7.0,7.5,6.67,6.33
learn,listen,2.0,3.0,4.5,3.0,2.0,2.5,2.34,2.0,3.0,4.0,1.0,3.75,3.0,2.5,2.0
destroy,construct,3.0,1.0,1.25,1.0,0.37,2.5,0.0,0.1,1.11,1.0,1.2,0.11,1.0,1.0,1.5
create,build,8.0,8.0,8.0,7.0,8.5,8.0,7.5,8.0,6.0,7.0,8.5,8.5,8.5,7.5,8.5
steal,buy,0.2,2.0,1.0,1.43,0.11,2.0,1.0,1.25,0.4,2.5,1.05,1.0,2.0,0.29,2.0
kill,hang,0.25,2.0,2.3,0.1,1.5,2.5,1.67,0.1,2.0,2.0,3.0,2.5,2.5,0.1,1.6
forget,know,1.72,2.17,0.09,1.17,1.25,1.83,0.16,1.97,1.56,1.7,2.13,2.53,1.56,2.0,2.2
create,imagine,6.67,7.5,6.0,7.0,6.25,7.5,7.25,7.5,7.5,7.23,7.5,6.33,6.2,6.0,7.5
do,happen,3.0,2.1,2.5,2.5,2.12,2.5,2.0,2.0,2.5,2.5,2.14,2.0,2.0,1.2,1.5
win,accomplish,6.25,3.0,3.5,6.75,3.45,0.38,3.0,5.83,7.0,7.0,3.21,6.0,5.0,2.5,6.0
give,deny,2.5,1.25,2.0,2.5,2.94,1.5,0.21,2.0,1.36,2.8,1.5,1.5,2.5,2.5,1.0
deserve,earn,5.0,7.5,6.5,7.5,6.67,6.67,6.0,8.5,7.5,6.0,7.5,7.5,6.0,6.0,7.0
get,put,5.0,3.0,5.0,4.0,8.0,3.5,3.5,7.0,4.0,3.33,5.0,3.22,5.0,5.0,3.0
locate,find,9.0,8.5,8.0,9.0,8.0,8.0,8.0,8.0,8.0,8.5,8.5,8.0,8.0,8.0,8.5
appear,attend,2.14,1.0,2.0,0.07,2.0,2.0,1.2,0.16,0.2,2.0,0.1,0.14,0.05,0.12,2.5
know,comprehend,6.5,6.89,8.5,8.5,8.0,8.5,8.5,7.0,8.0,7.5,8.5,8.5,8.5,8.5,7.5
pretend,imagine,8.5,9.0,8.75,8.75,8.5,8.5,9.0,8.5,8.5,8.0,8.5,8.5,8.0,8.5,8.5
satisfy,please,3.2,4.5,7.0,5.2,7.2,5.0,6.25,3.2,6.25,4.0,3.26,2.5,7.0,4.0,3.0
cherish,keep,0.45,4.33,2.5,3.9,1.04,2.0,1.0,4.0,0.12,3.1,0.25,3.2,2.5,2.25,2.5
argue,differ,4.5,6.25,1.2,6.19,6.33,5.23,2.0,1.73,1.24,5.8,6.25,6.25,6.5,4.2,3.0
overcome,dominate,5.5,3.5,6.25,0.33,5.0,6.67,6.5,7.5,5.2,6.0,6.25,6.33,7.5,4.0,6.0
behave,obey,5.65,5.0,5.0,2.5,6.5,6.75,1.67,4.5,6.0,5.0,3.25,3.56,6.0,2.75,6.2
cooperate,participate,4.29,2.33,5.0,1.8,5.0,6.0,1.29,2.33,6.0,4.0,6.25,3.33,5.0,6.25,5.0
achieve,try,2.5,2.5,2.5,1.58,0.2,6.0,3.68,2.5,2.25,0.43,3.0,2.5,4.67,3.0,4.0
fail,discourage,6.0,0.21,2.0,3.0,2.5,3.0,1.19,2.5,4.0,6.0,2.5,5.67,3.68,3.8,4.0
begin,quit,0.0,2.0,2.5,0.21,1.65,1.35,0.25,0.28,2.34,1.0,0.2,1.27,1.2,1.25,0.71
say,participate,0.19,0.13,0.1,2.69,2.5,1.47,0.42,0.12,0.05,0.35,1.74,0.04,0.06,0.11,0.12
come,bring,2.0,2.5,6.43,3.0,1.65,2.5,3.0,3.78,2.0,3.0,2.77,0.14,0.5,0.2,2.43
declare,announce,8.5,8.5,8.5,8.0,8.75,8.5,8.5,8.5,8.5,8.5,8.5,8.0,8.0,8.5,8.5
read,comprehend,6.5,7.5,6.73,7.5,7.4,7.0,7.5,6.5,7.0,8.75,7.0,6.5,6.5,6.5,6.5
take,leave,1.0,3.79,2.0,0.0,0.1,1.0,1.11,0.2,1.5,1.43,1.0,2.0,1.5,1.5,0.14
proclaim,announce,8.5,8.0,8.0,8.5,9.0,8.5,8.5,8.6,8.5,8.0,8.0,8.5,8.0,9.0,8.5
acquire,obtain,9.5,9.0,9.5,9.0,9.5,9.5,9.5,9.5,9.0,9.0,9.0,9.0,9.5,9.5,9.6
conclude,decide,6.33,5.45,6.0,3.1,6.67,6.85,3.54,5.0,3.75,0.33,5.0,4.0,2.0,2.0,3.25
please,plead,6.5,6.75,6.5,6.5,6.0,5.0,8.0,6.0,7.5,8.0,6.67,7.0,6.5,7.0,7.0
argue,prove,5.5,3.2,3.67,3.0,2.5,5.0,2.0,6.25,3.75,2.0,2.5,3.0,5.0,3.5,4.52
ask,plead,6.0,7.0,7.33,7.1,7.0,7.5,6.5,7.0,7.5,6.0,7.0,7.0,7.5,6.33,7.5
find,disappear,0.23,1.3,2.33,0.07,1.64,1.0,0.01,2.5,0.33,2.0,0.16,0.01,0.17,0.2,0.05
inspect,examine,9.0,9.5,9.5,9.0,9.0,9.0,8.5,9.5,8.5,9.0,9.0,9.5,9.0,9.0,9.0
verify,justify,6.0,6.0,7.5,6.25,6.0,5.5,4.0,5.0,6.0,6.25,4.0,7.5,6.0,6.5,5.0
assume,predict,1.92,3.42,5.0,1.52,2.5,2.5,3.8,2.56,2.25,2.5,2.0,3.5,0.37,1.5,2.65
learn,evaluate,3.56,2.1,2.5,3.2,3.5,2.5,2.0,2.5,2.5,5.2,2.0,2.5,3.67,3.19,3.5
argue,justify,6.5,2.5,6.5,5.2,6.67,5.0,6.5,1.5,6.5,3.25,7.5,7.0,6.25,4.25,5.5
make,become,2.5,2.0,2.75,2.0,3.5,2.5,2.2,3.0,4.22,4.2,2.0,6.5,4.25,1.5,2.5
discover,originate,2.0,0.19,0.1,2.5,1.67,1.23,2.0,2.0,4.1,2.0,2.5,2.0,2.1,2.0,2.0
achieve,succeed,8.5,8.5,9.0,8.5,8.5,9.5,8.0,8.5,8.5,8.5,8.5,9.0,8.8,9.0,9.0
give,put,2.5,3.84,3.0,3.0,0.0,4.21,3.45,3.33,0.5,1.81,3.36,2.0,1.5,2.5,1.66
understand,listen,0.33,0.36,0.11,2.5,2.55,2.67,0.08,2.54,0.15,4.2,2.17,0.32,0.13,2.5,3.75
expand,grow,6.5,6.0,6.67,6.0,7.5,7.0,6.0,6.0,7.0,6.5,7.0,6.67,7.0,6.0,4.0
borrow,sell,1.25,2.0,1.1,0.21,2.0,2.33,0.1,0.14,1.63,0.05,2.0,0.12,0.0,2.0,0.1
keep,protect,6.0,3.63,5.0,6.0,6.0,6.17,4.2,6.25,6.33,6.33,6.0,5.0,6.25,6.67,6.0
explain,prove,2.0,4.82,4.36,2.25,0.09,3.0,2.0,1.25,2.0,2.5,3.5,0.5,4.0,2.0,2.5
assume,pretend,1.5,6.0,6.5,6.5,6.0,5.0,7.0,4.0,6.0,6.5,5.0,6.67,6.0,6.5,6.0
agree,please,1.2,0.1,1.2,1.0,2.0,0.11,2.5,0.2,1.5,1.25,1.25,1.25,1.0,1.15,2.0
forgive,forget,6.5,0.22,5.0,4.0,7.5,5.0,5.0,8.0,6.0,7.0,3.0,6.25,0.5,2.0,0.36
clarify,explain,7.5,8.5,8.5,8.5,8.5,8.5,8.5,8.0,7.5,8.5,8.9,8.5,8.5,8.0,8.5
understand,forgive,2.75,0.1,1.35,1.5,1.75,2.5,2.0,1.5,1.5,0.0,2.5,2.5,0.09,3.2,0.05
remind,forget,0.1,2.0,2.5,0.19,1.2,1.25,4.0,0.2,1.1,2.5,1.67,6.0,3.0,1.67,1.5
get,remain,2.42,1.9,0.02,2.5,1.68,2.5,2.0,2.0,1.89,1.4,2.3,2.5,2.13,2.47,2.5
realize,discover,6.0,6.75,5.0,6.5,6.0,7.2,5.0,6.5,6.0,7.5,5.0,6.67,6.67,6.67,7.5
require,inquire,7.0,7.5,6.0,8.5,6.67,8.5,7.0,5.0,7.5,7.5,7.0,7.5,8.0,7.5,6.67
ignore,ask,1.5,2.5,1.22,1.14,1.1,1.0,2.0,1.2,0.0,1.5,0.2,1.2,0.1,1.27,0.0
think,inquire,2.67,4.55,1.56,1.22,3.56,2.22,2.1,0.15,2.8,0.11,2.75,3.57,2.12,0.3,2.25
reject,avoid,7.5,5.0,7.0,6.0,4.25,0.39,7.0,6.0,6.0,4.2,7.0,3.33,6.0,6.0,7.5
argue,persuade,6.0,7.0,7.5,7.0,6.25,6.25,7.0,6.2,6.0,6.5,7.0,6.5,6.0,6.25,7.0
pursue,persuade,3.0,5.0,4.0,3.0,2.5,6.5,5.0,2.5,5.0,2.5,5.0,6.67,3.0,6.0,0.55
accept,forgive,1.5,2.0,2.5,3.0,2.0,2.0,4.67,1.0,1.2,2.5,1.5,3.5,2.85,2.34,2.0
do,quit,0.24,0.14,0.11,0.0,1.0,0.01,1.2,0.0,1.85,1.0,0.0,2.15,0.13,1.5,1.2
investigate,examine,7.5,7.5,7.5,8.5,8.5,7.5,9.0,7.0,7.5,7.5,7.5,7.5,7.5,8.5,8.5
discuss,explain,8.0,6.5,6.0,6.0,7.0,6.5,7.5,6.0,6.5,7.5,7.5,6.0,7.5,7.5,7.5
owe,lend,7.5,7.5,5.0,8.0,9.0,0.31,7.5,7.5,7.5,7.5,3.0,6.0,5.0,7.0,7.5
explore,discover,7.5,6.0,7.0,6.5,7.5,7.5,7.5,8.5,7.0,6.67,8.0,7.0,7.5,8.0,6.75
complain,argue,4.56,3.5,3.0,4.5,3.0,3.5,4.5,2.33,1.5,3.5,6.0,2.0,6.0,6.5,3.33
withdraw,reject,3.29,2.33,2.8,2.5,2.0,3.33,2.25,1.72,1.2,2.0,2.0,1.0,3.56,3.0,3.5
keep,borrow,0.1,2.5,1.0,2.5,0.1,0.15,1.6,0.0,3.2,1.83,2.0,1.8,1.2,1.67,0.02
beg,ask,2.5,3.0,2.5,3.5,2.0,3.0,2.35,2.0,3.0,2.0,1.5,1.0,2.0,2.0,3.25
arrange,organize,9.0,9.5,9.0,9.5,9.5,9.0,9.5,9.0,9.0,9.5,9.5,9.0,9.5,9.5,9.5
reduce,shrink,7.5,8.5,9.5,8.0,7.0,8.5,9.0,9.5,8.0,9.0,9.0,8.0,8.5,8.5,8.5
speak,acknowledge,1.54,3.4,3.15,3.2,0.21,1.67,3.43,2.5,3.67,0.23,0.29,1.15,3.33,2.0,3.0
give,borrow,0.2,1.52,1.0,2.56,2.5,0.1,2.5,2.0,0.1,1.0,1.0,3.2,1.2,3.25,1.8
kill,defend,0.1,1.29,1.5,0.11,0.23,1.25,0.23,0.14,0.0,2.35,0.21,0.1,0.1,0.12,0.18
disappear,shrink,4.2,2.0,2.5,1.6,1.0,2.0,2.5,3.33,2.05,2.5,3.5,2.5,3.11,2.5,4.0
deliver,carry,5.33,5.5,5.0,4.0,3.33,6.0,6.25,2.33,6.5,3.33,5.0,5.0,6.11,5.0,7.0
breathe,choke,3.5,1.2,1.4,2.0,1.0,2.0,2.5,2.0,2.0,1.25,3.25,3.0,2.0,2.15,2.33
acknowledge,notify,1.5,2.5,0.0,3.6,0.3,2.13,0.66,3.73,2.33,2.67,2.44,2.0,3.33,2.33,2.33
become,seem,0.36,2.5,0.22,1.21,2.55,3.2,2.1,2.8,2.5,2.5,1.54,1.5,1.9,2.5,2.5
pretend,seem,2.5,3.2,2.5,5.5,4.5,3.6,4.5,3.5,4.16,3.0,6.0,3.25,6.5,3.8,0.5
accomplish,become,0.21,1.0,3.25,1.2,2.5,0.2,1.45,1.78,1.78,1.2,2.56,0.15,2.54,1.0,2.0
contemplate,think,7.5,8.5,7.5,8.5,7.5,8.0,8.5,7.5,8.5,7.5,7.5,7.5,8.5,8.0,8.6
determine,predict,5.0,6.0,7.5,2.5,7.5,5.0,7.0,6.33,5.0,6.0,6.0,4.7,5.0,5.0,7.0
please,entertain,0.11,0.33,1.83,4.2,2.5,2.0,0.1,0.1,0.15,3.2,0.15,0.02,0.19,0.05,1.25
remain,retain,6.0,8.5,7.5,4.0,8.0,7.0,8.5,8.5,6.0,3.0,7.5,8.0,6.0,6.0,4.0
pretend,portray,6.0,6.0,6.56,6.5,3.0,6.0,3.5,6.0,6.75,6.5,5.0,6.0,6.0,7.0,6.0
forget,retain,1.56,1.43,1.5,2.5,1.5,1.8,0.1,2.17,1.52,1.0,0.31,1.56,2.14,0.12,1.5
want,choose,6.0,4.2,5.5,5.0,0.48,3.5,6.2,6.5,7.0,5.0,5.5,3.5,2.5,6.25,6.42
lose,get,1.32,2.75,1.5,3.33,2.0,0.38,2.39,2.22,0.0,2.5,2.43,0.21,1.5,2.5,1.2
try,think,2.5,3.5,2.2,3.0,2.12,2.0,0.19,2.5,2.0,1.75,1.75,0.41,5.23,3.0,2.5
become,appear,2.14,2.57,2.56,3.78,3.1,3.5,3.5,2.5,3.5,2.75,2.5,2.86,2.43,3.33,2.72
leave,ignore,2.5,3.25,2.5,3.0,2.55,3.7,1.25,1.1,2.25,3.15,3.5,1.5,4.15,0.09,0.2
accept,recommend,0.22,2.5,2.0,0.05,1.0,1.3,0.19,2.5,1.2,2.54,1.82,0.0,2.0,2.5,1.7
leave,wander,6.0,3.0,5.0,3.0,4.2,4.5,3.5,2.5,5.0,6.0,6.2,5.5,3.5,6.0,5.0
keep,give,2.5,2.2,1.27,1.5,3.5,2.5,2.5,2.0,2.87,3.6,0.31,2.5,1.23,1.15,1.67
give,allow,6.67,3.5,0.3,2.5,1.25,3.82,3.52,2.75,3.2,2.8,6.47,1.6,3.0,5.5,3.2
bring,send,6.5,5.7,5.0,3.33,3.24,2.5,6.78,6.67,5.62,5.09,5.0,5.0,2.5,2.33,3.33
absorb,learn,1.77,4.5,0.56,5.2,4.33,5.0,2.0,6.0,4.2,2.65,4.5,3.07,2.0,5.5,4.19
acquire,find,2.34,2.78,3.81,1.6,3.0,2.8,3.33,3.0,3.34,3.0,3.85,2.3,2.74,3.17,3.21
leave,appear,2.85,0.1,1.8,3.0,1.05,2.32,2.14,0.24,1.5,2.23,2.43,1.78,1.51,2.5,1.5
create,destroy,0.0,2.5,1.0,1.0,1.0,1.0,0.46,1.2,1.0,1.25,1.8,0.1,1.0,1.43,3.0
begin,go,2.86,3.0,2.03,2.0,3.73,0.08,3.27,0.3,5.0,2.2,2.63,2.25,1.8,2.45,2.5
get,buy,6.5,7.5,6.0,6.5,6.0,5.0,7.0,6.67,6.5,5.0,7.0,6.5,6.0,7.5,6.25
collect,save,1.75,1.46,1.67,2.2,1.82,2.0,2.0,3.75,0.25,2.0,1.73,2.56,2.0,1.79,0.24
replace,restore,2.0,6.75,3.0,5.0,2.5,5.0,2.0,2.5,2.0,3.33,6.0,2.0,6.0,3.5,3.33
join,add,6.9,6.25,6.0,6.0,6.0,5.0,6.0,5.0,6.0,4.0,3.0,3.0,5.0,6.0,3.33
join,marry,3.0,2.43,1.2,2.0,2.0,2.5,0.15,2.0,3.0,2.0,2.5,2.0,0.24,2.0,1.5
accept,deliver,0.12,0.1,1.2,1.53,0.21,1.2,2.3,0.07,2.25,0.19,0.05,0.0,0.27,0.1,0.11
attach,join,7.5,6.5,5.0,7.5,6.5,6.0,6.0,7.5,4.33,5.0,4.0,6.2,4.5,3.5,6.0
put,hang,2.0,0.22,1.05,0.25,2.67,0.1,2.83,1.23,2.5,2.5,0.29,3.5,2.29,0.0,1.2
go,sell,1.2,1.4,0.1,1.03,0.19,0.0,0.1,1.64,3.18,0.2,2.78,1.43,2.0,2.12,0.21
communicate,pray,2.5,1.0,1.5,0.2,0.28,3.43,2.5,2.2,0.25,3.0,0.1,0.0,1.0,0.1,0.05
give,steal,1.18,2.5,1.2,0.4,1.25,1.45,1.45,2.0,0.09,1.42,1.52,1.23,2.0,1.05,0.15
add,build,2.0,2.0,2.5,1.88,3.0,0.09,0.12,1.67,2.05,0.11,1.53,2.5,0.2,2.75,2.0
bring,restore,2.46,2.5,4.0,3.33,5.0,3.33,2.86,3.21,2.0,1.0,3.33,2.5,1.88,2.68,2.55
comprehend,satisfy,0.5,0.05,0.15,0.25,2.56,0.08,0.07,0.0,0.1,0.0,0.36,0.15,0.14,2.0,0.17
portray,decide,0.23,2.0,0.08,0.06,0.1,2.0,0.08,0.06,0.09,0.19,0.0,0.23,0.12,0.02,0.0
organize,become,0.0,0.0,1.0,0.01,0.0,0.2,1.53,0.05,0.15,0.2,1.26,1.2,0.07,0.12,0.13
give,know,0.01,1.2,2.05,1.75,0.21,2.55,1.45,0.14,1.2,1.87,0.01,1.81,0.01,2.4,0.05
say,verify,1.25,1.2,2.0,0.01,2.58,0.1,2.67,1.2,0.25,1.43,3.0,1.87,2.5,2.8,0.18
cooperate,join,2.85,6.0,5.0,3.33,2.0,2.5,4.42,3.5,4.0,2.34,0.25,6.25,3.77,3.2,1.57
arrange,require,2.93,3.25,2.25,0.33,5.0,1.2,2.5,1.67,0.2,2.0,3.0,2.0,1.67,2.65,2.5
borrow,want,0.1,0.29,2.06,0.0,1.33,0.1,0.1,2.0,0.25,0.1,0.15,0.1,0.1,0.1,1.0
investigate,pursue,2.67,2.0,2.5,0.1,2.5,2.5,2.0,3.25,3.25,3.25,2.5,3.5,0.25,2.0,2.0
ignore,explore,2.75,0.1,1.38,1.94,0.12,1.0,1.5,1.67,1.2,0.14,2.5,0.0,0.0,0.25,0.0
bring,complain,1.05,1.2,2.5,1.0,2.0,1.43,2.0,0.1,0.0,0.0,0.37,2.15,2.06,2.0,0.3
enter,owe,0.1,0.06,0.0,0.1,1.0,0.0,0.0,0.01,0.15,0.0,0.0,0.11,0.0,1.0,0.1
portray,notify,1.5,0.08,2.0,2.33,2.87,1.15,0.16,0.11,0.26,0.15,2.67,1.76,1.3,0.29,1.67
remind,sell,0.09,0.18,0.0,2.0,0.11,0.1,0.0,0.0,0.04,0.14,1.0,0.08,0.13,0.0,0.1
absorb,possess,0.09,0.11,0.09,0.0,2.5,2.15,0.01,0.16,0.01,0.17,1.25,1.3,0.02,0.11,0.0
join,acquire,3.04,1.8,2.5,2.85,0.15,1.25,0.19,0.06,1.35,0.06,0.22,2.0,2.25,3.85,2.5
send,attend,1.0,2.5,0.33,0.21,2.0,1.0,0.1,1.43,2.5,1.0,2.0,2.5,1.25,1.0,1.0
gather,attend,0.22,2.0,2.33,2.0,3.33,2.5,0.19,0.33,0.2,0.55,1.2,2.5,0.2,0.1,2.5
absorb,withdraw,1.61,0.16,1.67,0.2,0.2,2.14,0.29,0.22,2.14,0.0,1.85,1.5,1.0,0.1,0.01
attend,arrive,6.67,6.25,7.0,6.5,4.2,5.0,6.0,6.0,5.0,6.0,6.5,3.0,6.5,6.0,5.0
