word1,word2,Simlex999,Std Deviation,Variance,Count,POS
accepteren,ontkennen,1.8,1.59,2.52,10,V
angstig,bang,9.06,1.01,1.02,10,A
arm,schouder,4.76,2.86,8.16,10,N
bank,honkbal,1.7,1.77,3.13,10,N
bier,alcohol,5.08,3.28,10.75,10,N
hard,moeilijk,4.46,3.18,10.14,10,A
krijgen,achterblijven,1.41,1.41,1.98,10,V
lang,smal,3.08,2.62,6.89,10,N
likeur,muziekgroep,0.85,0.49,0.24,10,N
man,oom,3.62,2.29,5.23,10,N
man,vader,4.31,2.41,5.79,10,N
mensen,pistool,1.25,1.22,1.49,10,N
motor,aandrijving,5.24,2.55,6.51,10,N
nemen,ontvangen,5.38,2.85,8.09,10,V
onderneming,bedrijf,7.95,2.16,4.68,10,N
paard,os,3.55,2.28,5.19,10,N
plaatsen,ophangen,3.91,2.69,7.25,10,V
raket,lawaai,2.69,2.05,4.18,10,N
tijdperk,decennium,5.92,2.57,6.59,10,N
vliegtuig,luchthaven,5.12,3.27,10.7,10,N
vogel,havik,4.52,2.78,7.7,10,N
weten,geloven,2.87,2.12,4.49,10,V
winter,seizoen,5.08,3.68,13.58,10,N
wortel,gras,3.44,2.55,6.49,10,N
acteur,zanger,3.13,2.61,6.83,11,N
alcohol,jenever,4.57,3.27,10.72,11,N
auto,fiets,3.02,2.43,5.89,11,N
belichamen,beslissen,1.15,0.77,0.6,11,V
bloem,struik,3.78,2.06,4.25,11,N
boek,literatuur,6.74,2.48,6.18,11,N
bruidegom,bruid,5.95,3.94,15.55,11,N
concluderen,beslissen,4.95,2.13,4.55,11,V
dak,plafond,6.25,2.46,6.07,11,N
discussie,argument,6.09,2.75,7.58,11,V
discussiëren,uitleggen,2.33,1.54,2.38,11,N
dokter,temperament,1.47,1.44,2.08,11,N
doos,sigaar,2.81,2.49,6.22,11,N
gebied,zone,8.42,0.81,0.65,11,N
geven,weigeren,0.9,0.67,0.45,11,V
huis,schuur,3.54,1.89,3.59,11,N
jongen,broer,5.22,2.96,8.79,11,N
kat,konijn,2.85,2.15,4.61,11,N
kennelijk,duidelijk,4.04,2.94,8.66,11,N
kleding,stof,4.88,2.81,7.92,11,N
kogel,kanon,4.96,2.85,8.1,11,N
komen,brengen,2.83,1.45,2.11,11,V
lichaam,zenuw,3.05,2.38,5.68,11,N
maken,verdienen,3.57,2.32,5.37,11,V
meter,centimeter,5.05,3.74,13.99,11,N
mond,lip,5.79,2.14,4.58,11,N
motel,herberg,6.85,2.59,6.69,11,N
motor,boot,3.55,2.32,5.36,11,N
muziekgroep,parade,3.9,2.63,6.94,11,N
nacht,dag,4.55,3.66,13.4,11,N
nemen,dragen,2.75,2.65,7,11,V
opnemen,intrekken,2.29,2.67,7.13,11,V
opvallend,duidelijk,6.18,2.54,6.47,11,A
pijn,schade,4.4,1.77,3.14,11,N
pistool,bont,0.99,0.64,0.41,11,N
ravijn,vallei,6.08,2.31,5.34,11,N
regen,mist,3.93,2.71,7.35,11,N
schuilplaats,hut,5.32,1.95,3.81,11,N
smal,breed,3.59,3.19,10.16,11,A
strijd,verovering,5.56,2.4,5.78,11,N
uitbreiden,groeien,7.18,1.78,3.17,11,V
uithoudingsvermogen,muziekgroep,0.87,0.93,0.86,11,N
verhaal,onderwerp,3.47,2.1,4.42,11,N
vermogen,competentie,6.64,2.81,7.89,11,N
verpleegster,wetenschapper,2.33,1.81,3.28,11,N
vreemd,normaal,1.81,1.77,3.15,11,A
vrouw,man,5.08,4.13,17.02,11,N
weekend,week,4.25,3.19,10.17,11,N
winnaar,doel,2.79,2.1,4.4,11,N
zelfverzekerd,zeker,7.49,2.07,4.27,11,A
akkoord gaan,afwijken,1.35,2.06,4.24,12,V
auto,taxi,5.4,2.25,5.06,12,N
beschermen,verdedigen,7.6,1.96,3.84,12,V
bloem,bol,3.34,2.54,6.45,12,N
boek,artikel,3.86,1.94,3.77,12,N
buik,taille,4.97,2.71,7.35,12,N
doden,wurgen,5.31,3.07,9.45,12,V
doos,hoed,0.93,0.83,0.69,12,N
elleboog,enkel,2.74,2.39,5.69,12,N
gitaar,drumstel,2.45,2.46,6.03,12,N
inspanning,moeilijkheid,4.04,2.46,6.04,12,V
kip,kalkoen,6.03,2.27,5.14,12,N
kleding,kast,3.2,2.97,8.84,12,N
koesteren,houden,6.06,2.73,7.48,12,N
krijgen,kopen,2.12,1.29,1.65,12,V
maaltijd,staart,0.49,0.48,0.23,12,N
ontkenning,bekentenis,2.21,2.85,8.11,12,N
prins,koning,5.25,2.93,8.57,12,N
rekenkunde,ritme,2.42,2.97,8.83,12,N
rijkdom,armoede,2.56,2.91,8.49,12,N
school,cijfer,3.76,3.12,9.71,12,N
schoonheid,leeftijd,1.31,1.38,1.92,12,N
taak,rietje,0.83,0.6,0.35,12,N
verdrietig,grappig,1.68,2.28,5.21,12,A
vergelijken,analyseren,4.1,2.67,7.14,12,V
vuil,goedkoop,1.44,1.71,2.92,12,A
aandacht,interesse,8.13,1.32,1.74,13,N
analyseren,evalueren,6.63,3.03,9.21,13,V
anatomie,biologie,5.93,2.87,8.21,13,N
appel,sap,3.06,2.23,4.98,13,N
appel,zonneschijn,1.69,2.53,6.39,13,N
arbeider,werkgever,2.81,2.58,6.66,13,N
auteur,lezer,2.58,2.8,7.85,13,N
bad,vrouw,1.61,2.48,6.17,13,N
badkamer,keuken,2.97,2.97,8.79,13,N
bereiken,slagen,6.7,3.06,9.35,13,V
bereiken,worden,5.7,2.65,7.01,13,V
bier,drank,5.67,3.24,10.5,13,N
boek,informatie,4.88,2.66,7.05,13,N
boosheid,woede,8.87,0.59,0.34,13,N
botten,kaak,4.9,2.8,7.82,13,N
bovenkant,zijkant,2.75,2.84,8.09,13,N
buik,ader,2.26,2.66,7.07,13,N
doen alsof,voorstellen,5.32,3.61,13.07,13,V
dollar,mensen,1.47,2.18,4.76,13,A
dom,slim,2.95,2.97,8.82,13,A
dood,tragedie,5.43,3.04,9.23,13,N
geld,salaris,6.29,2.62,6.88,13,N
geloof,bloem,1.43,2.48,6.14,13,N
gelukkig,jong,1.78,2.32,5.4,13,A
hard,stoer,5.69,2.94,8.64,13,A
hogeschool,beroep,3.3,2.91,8.48,13,N
huis,sleutel,3.55,3.01,9.03,13,N
jongen,zoon,6.1,3.4,11.56,13,N
kamer,gevangeniscel,2.77,2.55,6.49,13,N
koe,vee,6.72,1.9,3.61,13,N
krimpen,groeien,2.98,3.1,9.62,13,A
lijden,verdriet,6.83,2.13,4.55,13,N
maken,opbouwen,7.65,1.48,2.18,13,V
misdaad,diefstal,7.38,1.61,2.61,13,N
monster,demon,7.05,2.05,4.19,13,N
muziekgroep,orkest,8.04,1.47,2.17,13,N
nier,orgaan,6.35,2.29,5.22,13,N
ontvangen,geven,3.02,3.27,10.72,13,V
overeenkomst,voorwaarde,4.39,3.13,9.78,13,N
somber,saai,3.94,3.41,11.6,13,A
spel,truc,3.52,2.75,7.54,13,N
verdrietig,vreselijk,5.15,3.22,10.34,13,A
vergeten,leren,1.91,2.38,5.64,13,V
vergoeding,betaling,6.67,2.56,6.55,13,N
vervuiling,atmosfeer,4.08,3.5,12.23,13,N
vloer,dek,3.77,3.33,11.08,13,N
wolk,storm,3.83,2.74,7.48,13,N
zich gedragen,gehoorzamen,5.84,2.99,8.93,13,V
ziekte,besmetting,6.18,2.52,6.37,13,N
aankomen,komen,4.21,2.79,7.78,14,V
accepteren,erkennen,6.02,2.44,5.97,14,V
accepteren,geloven,4.06,2.79,7.8,14,V
ademen,verstikken,2.03,2.51,6.32,14,V
afwezigheid,aanwezigheid,2.54,2.95,8.7,14,N
afwijzen,vermijden,2.86,2.5,6.27,14,V
akkoord gaan,voldoen,3.04,2.48,6.13,14,V
alcohol,cocktail,5.68,2.55,6.49,14,N
appartement,meubels,2.82,2.35,5.53,14,N
appel,saus,1.34,1.24,1.53,14,N
arbeider,camera,0.88,1.98,3.9,14,N
argumenteren,bewijzen,6.23,2.39,5.72,14,V
argumenteren,verschillen,4.26,2.9,8.42,14,V
arm,lichaam,3.36,2.55,6.48,14,N
auto,brug,1.56,2.11,4.44,14,N
bal,handschoen,1.84,2.26,5.12,14,N
bed,wieg,6.7,2.3,5.31,14,N
bed,slaapkamer,2.52,2.27,5.17,14,N
begrijpen,voldoen,2.38,2.69,7.25,14,V
begrijpen,vergeven,1.73,2.27,5.16,14,V
bende,menigte,5.1,2.71,7.32,14,N
bescheiden,beschaamd,3.87,2.94,8.63,14,A
beslissen,kiezen,6.91,2.23,4.95,14,V
bevolking,mensen,6.8,1.78,3.15,14,N
bewijs,feit,7.06,2.51,6.3,14,N
binnentreden,verschuldigd zijn,1.07,0.96,0.91,14,V
bloem,viooltjes,6.12,2.62,6.87,14,N
boek,verhaal,5.15,2.75,7.54,14,N
boot,dek,3.27,2.9,8.39,14,N
botten,elleboog,2.77,2.35,5.53,14,N
buik,onderbuik,5.32,2.28,5.19,14,N
communiceren,bidden,1.69,1.67,2.79,14,V
creëren,maken,8.76,1.22,1.48,14,V
dak,kathedraal,2,2.42,5.87,14,N
darm,zenuw,1.18,1.83,3.35,14,N
denken,informeren,1.4,2.02,4.1,14,V
doden,ophangen,4.34,3.18,10.11,14,V
doden,verdedigen,2.45,2.5,6.25,14,V
dom,stom,4.67,3.22,10.4,14,A
dom,zeldzaam,1.2,1.94,3.77,14,N
dood,begrafenis,3.67,3.5,12.28,14,N
dood,ramp,3.2,2.12,4.49,14,N
eerlijk,schuldig,1.18,1.96,3.85,14,A
eikenboom,esdoorn,4.8,2.78,7.74,14,N
formeel,juist,2.5,2.28,5.22,14,N
gangpad,gang,7.35,1.57,2.46,14,N
gangpad,hal,6.03,3.07,9.44,14,N
gat,vrouw,1.21,1.82,3.33,14,N
geloof,begrip,5.42,2.79,7.81,14,N
geloof,mening,5.05,3,9,14,A
gelukkigheid,geluk,6.6,2.45,5.99,14,N
gevaar,ziekte,3.99,2.28,5.19,14,N
gras,mos,3.94,2.34,5.49,14,N
hal,gang,7.99,1.81,3.26,14,N
hals,ruggengraat,2.86,2.46,6.07,14,N
hard,wreed,7.02,2.2,4.85,14,A
heldin,held,8.55,1.42,2.03,14,N
herinneren,verkopen,1.41,2.44,5.97,14,V
heuvel,cliff,3.55,2.89,8.37,14,N
houden,bezitten,6.22,2.68,7.19,14,V
hout,papier,3.55,2.92,8.54,14,N
huis,appartement,6.3,2.16,4.69,14,N
huis,toestand,2.76,2.87,8.24,14,N
idee,plan,6.11,2.08,4.31,14,A
imiteren,uitbeelden,5.75,2.57,6.61,14,N
kalf,stier,4.71,2.85,8.11,14,N
keel,neus,3.25,3.28,10.78,14,A
kleding,knoop,2.67,2.4,5.77,14,N
koe,geit,1.56,2.48,6.14,14,V
krankzinnig,gek,8.02,2.06,4.24,14,N
leger,legioen,6.66,2.91,8.44,14,N
lenen,smeken,2.17,2.43,5.91,14,V
leraar,helper,4.27,2.94,8.64,14,N
leren,evalueren,4.71,2.45,6,14,V
machine,aandrijving,3.02,2.51,6.3,14,V
man,winnaar,1.61,1.96,3.85,14,N
mannen,broederschap,2.74,2.26,5.13,14,N
meisje,kind,3.94,2.53,6.41,14,N
menu,bestelling,3.02,2.44,5.94,14,N
moeder,vrouw,5.3,3,9,14,N
moeilijk,eenvoudig,2.25,3.16,9.98,14,A
moeilijk,simpel,2.24,2.07,4.29,14,A
molecuul,lucht,3.51,2.92,8.55,14,N
muis,kat,2.35,2.87,8.21,14,N
muis,beheer,0.82,0.67,0.45,14,N
muur,decoratie,2.7,2.34,5.45,14,N
negeren,verkennen,1.89,1.75,3.06,14,V
nemen,achterlaten,2.01,2.5,6.24,14,V
nieuw,oud,2.18,3.29,10.82,14,A
noodzakelijk,belangrijk,8.22,1.71,2.92,14,A
onderkant,bovenkant,3.5,2.98,8.86,14,N
overeenkomst,afspraak,7.37,2.63,6.93,14,N
paard,merrie,7.07,1.46,2.14,14,N
paard,veulen,5.75,2.45,6,14,N
pagina,paragraaf,3.08,2.91,8.49,14,N
pot,fles,2.25,2.05,4.2,14,N
raam,deur,3.31,3.04,9.21,14,N
rails,hek,4.07,2.51,6.31,14,N
rand,grens,7.15,1.97,3.86,14,N
rivier,zee,3.91,2.16,4.66,14,N
rondzwerven,dwalen,7.83,2.47,6.1,14,V
samenvoegen,verwerven,3.89,3.11,9.65,14,V
slang,tuin,1.54,2.29,5.25,14,N
slecht,schuldig,3.77,2.66,7.08,14,A
slecht,verschrikkelijk,6.93,2.18,4.75,14,A
smeken,vragen,3.47,2.36,5.56,14,V
sneeuw,storm,3.3,2.91,8.47,14,N
snel,razendsnel,7.18,1.74,3.02,14,A
staaf,gordijn,2.11,2.7,7.29,14,N
student,professor,2.5,2.75,7.54,14,N
taxi,taxi's,8.17,2.5,6.27,14,N
teen,vinger,3.25,2.8,7.81,14,N
tegenstander,rivaal,7.56,2.02,4.09,14,N
terugtrekken,afwijzen,4.41,2.73,7.46,14,V
tevredenstellen,vermaken,3.58,2.37,5.64,14,V
tong,keel,1.82,2.44,5.97,14,N
toren,bel,1.96,1.79,3.21,14,N
trui,jas,4.26,2.57,6.59,14,N
vader,dochter,3.11,3.47,12.06,14,N
vat,ader,4.59,3.68,13.52,14,N
verdriet,schaamte,1.87,2.4,5.76,14,N
verdwijnen,krimpen,4.04,2.48,6.14,14,V
vergeten,weten,2.28,2.59,6.69,14,V
vergoeding,salaris,5.51,2.11,4.47,14,N
verjaardag,datum,3.95,2.66,7.07,14,N
verliezen,houden,1.09,0.81,0.66,14,V
verliezen,krijgen,2,2.59,6.71,14,V
verminderen,krimpen,6.94,2.27,5.13,14,V
vernietigen,maken,2.19,2.68,7.19,14,V
vernietigen,bouwen,1.46,1.88,3.53,14,V
vertrekken,gaan,8.03,2.19,4.82,14,V
vertrekken,negeren,1.61,1.5,2.24,14,V
verwerven,verkrijgen,6.39,2.26,5.11,14,V
visie,perceptie,6.53,2.55,6.52,14,N
vlees,spek,4.94,2.64,6.96,14,N
vliegtuig,straalvliegtuig,7.33,1.11,1.24,14,N
voet,hoofd,1.39,0.82,0.67,14,N
volwassene,voogd,6.19,2.51,6.32,14,N
vooroordeel,mening,4.34,3.09,9.52,14,N
vreemd,sluw,2.32,2.28,5.19,14,A
vrouw,bont,1.74,1.81,3.26,14,N
weg,manier,3.87,3.03,9.19,14,N
wenkbrauw,oog,3.32,2.69,7.24,14,N
werkelijkheid,illusie,2.98,2.77,7.66,14,N
winnen,domineren,3.56,2.42,5.88,14,V
winnen,slagen,5.54,2.96,8.77,14,V
woord,pagina,2.53,2.42,5.85,14,N
zeggen,verifiëren,1.85,2.13,4.53,14,V
ziekte,infectie,6.07,2.15,4.61,14,N
accepteren,weigeren,2.25,2.51,6.32,15,V
advocaat,bankier,2.83,2.73,7.47,15,N
alcohol,brandewijn,3.75,2.73,7.44,15,N
appel,citroen,4.03,3.14,9.87,15,N
arbeider,monteur,4.25,3.1,9.64,15,N
argument,kritiek,4.83,2.74,7.51,15,N
arm,botten,3.09,3.06,9.38,15,N
arm,hals,2.97,3.11,9.68,15,N
auteur,maker,5.08,2.92,8.54,15,N
auto,rijtuig,6.3,2.79,7.78,15,N
baby,dochter,3.88,2.63,6.92,15,N
balk,kooi,0.72,1.54,2.38,15,N
beker,pot,3.85,2.94,8.67,15,N
bereiken,volbrengen,6.14,1.77,3.12,15,V
bijbel,psalm,2.04,2.18,4.74,15,N
boek,onderwerp,2.22,2.53,6.39,15,N
boom,esdoorn,4.05,3.21,10.27,15,N
botten,knie,3.19,2.62,6.88,15,N
botten,tanden,1.52,2.32,5.38,15,N
broer,ziel,2.34,2.8,7.86,15,N
bubbel,schuim,4.14,2.4,5.78,15,N
cent,vrouw,1.08,1.87,3.51,15,N
chauffeur,piloot,5.59,2.72,7.39,15,N
communicatie,taal,6.35,2.56,6.54,15,N
communicatie,televisie,3.11,2.9,8.4,15,N
controleren,rechtvaardigen,2.47,2.12,4.51,15,V
creëren,bouwen,7.19,1.63,2.66,15,V
cursus,buik,0.72,1.62,2.64,15,N
deur,keuken,1.45,1.54,2.38,15,N
deur,poort,5.54,3.33,11.12,15,N
diepte,omvang,1.35,1.81,3.26,15,N
dochter,kind,4.41,3.13,9.82,15,V
doel,pijl,4.02,3.08,9.48,15,N
eigenaardig,vreemd,8.56,1.3,1.69,15,N
elastisch,flexibel,7.32,2.08,4.34,15,N
erkennen,melden,1.98,2.13,4.53,15,A
formule,vergelijking,5.63,2.95,8.68,15,N
frustratie,woede,6.17,2.69,7.24,15,V
gaan,komen,4.01,3.27,10.67,15,V
gebied,regio,8.46,1.51,2.28,15,N
geld,diamant,1.36,1.82,3.33,15,N
gelukkig,kwaad,2.95,3.2,10.21,15,A
gelukkig,blij,7.09,2.21,4.91,15,N
geven,plaatsen,2.96,2.43,5.92,15,V
geven,toestaan,3.28,2.38,5.67,15,N
groeten,ontmoeten,3.42,2.61,6.82,15,A
hand,voet,3.12,2.67,7.15,15,A
hond,kat,3.26,3.2,10.25,15,N
hoofdstuk,staart,2.09,2.32,5.38,15,N
houden,lenen,2.87,2.68,7.16,15,N
juridische procedures,oordeel,4.79,2.5,6.27,15,N
kaart,brug,2.32,2.95,8.72,15,N
kind,volwassen,3.1,3.1,9.58,15,A
kinderachtig,dwaas,3.41,1.7,2.9,15,N
klaslokaal,gang,2.52,2.64,6.98,15,N
koning,prinses,2.26,2.9,8.39,15,N
kracht,macht,2.93,2.26,5.1,15,N
krijgen,zetten,2.08,2.21,4.89,15,V
lawaai,gerammel,4.65,2.11,4.44,15,N
leger,ploeg,2.8,2.43,5.89,15,N
lenen,willen,2.53,2.53,6.4,15,N
lens,camera,3.1,2.45,6,15,N
leren,luisteren,3.54,2.91,8.49,15,A
lied,verhaal,3.49,3.04,9.25,15,N
likeur,eeuw,1.26,1.42,2.02,15,N
lokaliseren,vinden,7.37,2.65,7.02,15,N
maker,producent,7.82,1.85,3.41,15,A
makkelijk,zwaar,2.17,2.35,5.51,15,N
minnaar,partner,4.82,2.72,7.38,15,N
modder,vuil,5.25,2.82,7.94,15,N
muur,baksteen,3.38,2.67,7.14,15,N
nacht,dageraad,2.97,3,8.99,15,N
neus,mond,3.94,3.73,13.88,15,N
nodig hebben,vragen,5.6,2.43,5.89,15,V
noord,west,1.83,2.39,5.71,15,N
ongelukkig,kwaad,3.1,2.26,5.11,15,A
onlangs,nieuw,3.45,2.47,6.08,15,A
ontdekken,ontstaan,3.98,3.02,9.09,15,V
orthodontist,tandarts,6.23,2.62,6.85,15,N
pijpleiding,kabel,1.55,1.91,3.66,15,N
pistool,mes,1.85,2.5,6.23,15,N
politieagent,sheriff,4.8,2.89,8.33,15,N
prachtig,fantastisch,6.3,2.14,4.57,15,A
prachtig,geweldig,6.85,2.19,4.79,15,A
raar,vreemd,8.4,1.67,2.8,15,A
rabbijn,geestelijke,4.98,2.89,8.35,15,N
recht,rechtvaardigheid,5.13,2.77,7.67,15,N
regelen,organiseren,6.76,2.87,8.22,15,V
samenwerken,deelnemen,4.21,2.29,5.23,15,V
schaap,lam,4.94,2.9,8.38,15,N
scherp,saai,0.95,1.47,2.16,15,A
schouder,hoofd,2.95,3.17,10.08,15,N
seconde,minuut,3.83,3.3,10.87,15,N
sla,azijn,2.56,2.46,6.03,15,N
slecht,immoreel,6.44,2.11,4.44,15,A
slecht,vreselijk,7.53,2.77,7.69,15,A
slim,intelligent,8.19,1.54,2.38,15,A
sluw,vreemd,2.99,2.7,7.31,15,A
sneeuw,weer,3.58,2.75,7.55,15,N
spier,tong,4.5,3.15,9.93,15,N
sterk,trots,4.09,2.31,5.32,15,A
tevredenstellen,voldoen,5.49,2.61,6.8,15,V
toevoegen,verdelen,2.46,2.65,7.02,15,V
uitgang,deuropening,4.64,2.65,7.03,15,N
uitgebreid,groot,5.58,2.59,6.7,15,A
uitleggen,bewijzen,4.76,2.22,4.94,15,V
vergeten,onderhouden,1.09,1.33,1.77,15,V
verkennen,ontdekken,6.88,2.53,6.42,15,V
verkondigen,aankondigen,6.43,1.97,3.89,15,V
vermenigvuldigen,toevoegen,3.67,2.74,7.49,15,V
verschuldigd zijn,lenen,3.43,2.51,6.31,15,V
vervangen,herstellen,3.87,2.86,8.2,15,V
verzamelen,bijwonen,1.06,1.71,2.93,15,V
verzamelen,opslaan,4.75,2.76,7.63,15,V
vlug,snel,8.95,1.27,1.62,15,A
voorbijgaan,verdwijnen,4.51,3.22,10.4,15,V
vriend,leraar,1.51,2.17,4.7,15,N
vuil,smal,1.68,2.33,5.43,15,A
wereld,wereldbol,4.46,3.17,10.08,15,N
werkelijkheid,verbeelding,1.55,2.62,6.86,15,N
winnen,bereiken,4.11,2.68,7.2,15,V
winter,zomer,4.16,3.34,11.14,15,N
worden,lijken,2.19,2.55,6.49,15,V
zenuw,hersenen,4.09,3.12,9.74,15,N
zon,lucht,3.28,3.23,10.44,15,N
aankomen,vertrekken,1.68,2.69,7.23,16,V
actie,cursus,1.28,1.99,3.96,16,N
administratie,management,3.28,2.83,8,16,N
agressie,vijandigheid,6.69,1.68,2.84,16,N
anarchie,chaos,3.65,2.87,8.26,16,N
argument,overeenkomst,1.5,0.98,0.95,16,N
argumenteren,rechtvaardigen,4.65,2.01,4.06,16,V
arm,pols,3.64,2.52,6.34,16,N
arts,dokter,9.28,0.88,0.77,16,N
auto,meter,1.25,2.01,4.03,16,N
auto,toeter,1.83,2.23,4.97,16,N
avondeten,maaltijd,6.14,3.28,10.76,16,N
bad,truc,1.06,1.97,3.89,16,N
bad,ballon,1.12,1.22,1.49,16,N
badkamer,slaapkamer,2.03,1.75,3.07,16,N
bal,mand,1.81,2.4,5.74,16,N
bed,ziekenhuis,3.24,3.19,10.18,16,N
been,arm,2.75,2.98,8.88,16,N
beker,wafel,1.15,1.97,3.9,16,N
beladen,zwaar,7.33,2.8,7.82,16,A
belasting,inkomen,2.93,3.19,10.19,16,N
bescheiden,flexibel,1.42,2.1,4.42,16,A
bij,koningin,2.95,2.9,8.41,16,N
bij,mier,1.93,2.46,6.08,16,N
bijvoegen,samenvoegen,6.56,2.6,6.74,16,V
bloed,merg,2.43,2.41,5.8,16,N
bocht,hoek,5.2,2.92,8.53,16,N
boek,thema,3.06,3.23,10.45,16,N
bord,kom,3.87,2.78,7.73,16,N
brengen,klagen,1.51,2.4,5.78,16,V
brengen,herstellen,2.03,2.44,5.94,16,V
brutaal,trots,1.67,2.03,4.11,16,A
comfort,veiligheid,4.54,3.22,10.38,16,N
dag,ochtend,3.5,2.71,7.36,16,N
dame,meneer,2.55,3.05,9.28,16,N
deelnemen,meedoen,8.9,1.71,2.94,16,N
delen,melden,6.1,3.28,10.75,16,V
denken,rationaliseren,5.34,3.2,10.21,16,V
deur,vloer,1.55,2.03,4.12,16,N
deur,ingang,6.43,2.25,5.05,16,N
dieet,appel,1.72,2.51,6.31,16,N
dieet,salade,3.82,3.49,12.16,16,N
doen,stoppen,2.1,3.09,9.53,16,V
dom,intelligent,2.62,2.78,7.71,16,A
echtgenote,echtgenoot,7.6,2.91,8.47,16,N
echtgenote,rietje,1.4,2.17,4.71,16,A
exotisch,zeldzaam,5.1,3.02,9.13,16,V
formule,logaritme,3.99,3.2,10.23,16,N
gaan,toestaan,1.33,1.36,1.84,16,V
gebied,hoek,1.97,1.65,2.72,16,N
geven,lenen,2.8,2.94,8.62,16,V
gevoel,intuïtie,8.02,1.87,3.49,16,A
god,geest,2.83,2.79,7.77,16,N
groot,enorm,7.53,2.14,4.56,16,A
groot,zwaar,5.2,3.14,9.86,16,N
hart,operatie,1.8,2.71,7.35,16,A
hemel,universum,5.49,2.97,8.83,16,V
houding,zelfvertrouwen,3.49,3.39,11.5,16,N
hysterie,verwarring,2.71,2.66,7.09,16,N
inspecteren,examineren,5.27,3.04,9.24,16,N
jongen,partner,2.57,3.16,9.98,16,N
kamer,bed,1.89,2.1,4.39,16,N
kerel,hengst,2.43,2.92,8.51,16,N
keuze,neiging,1.98,2.35,5.55,16,V
klein,enorm,1.82,2.9,8.41,16,N
klif,staart,0.93,0.94,0.89,16,N
komen,bijwonen,4.91,3.2,10.24,16,N
koorts,ziekte,4.29,2.72,7.37,16,N
koppel,paar,8.56,1.5,2.25,16,A
lenen,verkopen,1.28,1.32,1.75,16,V
leraar,instructeur,7.67,1.85,3.41,16,N
leraar,rabbijn,3.97,3.03,9.21,16,V
leveren,dragen,1.76,1.71,2.92,16,V
lucht,helium,3.18,2.68,7.19,16,N
luisteren,gehoorzamen,6.05,3.15,9.94,16,V
luisteren,horen,7.22,2.4,5.74,16,N
lus,riem,2.38,2.21,4.89,16,N
medium,nieuws,4.03,2.99,8.91,16,N
melk,sap,2.51,2.45,6,16,N
mensen,ballon,1.5,2.06,4.23,16,N
misdaad,overtreding,6.31,2.54,6.45,16,N
nemen,bezitten,3.26,2.13,4.55,16,V
onderzoeken,herzien,3.24,2.87,8.25,16,V
onderzoeken,streven,1.81,2.51,6.31,16,V
onnodig,noodzakelijk,1.71,2.96,8.78,16,A
ontbijt,spek,2.14,2.27,5.13,16,N
onwetendheid,intelligentie,1.96,2.11,4.44,16,N
oom,tante,4.11,3.4,11.57,16,N
opdracht,taak,7.77,1.67,2.79,16,N
orgaan,lever,3.86,3.21,10.3,16,N
oud,vers,1.69,2.67,7.14,16,A
oud,nieuw,1.94,2.42,5.87,16,A
pijp,sigaar,3.37,3.14,9.87,16,N
plaatsvinden,voorkomen,5.26,3.91,15.27,16,V
plezier,voetbal,1.86,2.7,7.28,16,N
politicus,president,4.2,3.18,10.13,16,N
realiseren,ontdekken,3.85,2.52,6.36,16,V
regelen,vereisen,2.13,1.67,2.78,16,V
reis,excursie,6.12,2.32,5.37,16,N
reis,verovering,1.29,1.24,1.53,16,N
rijkdom,bekendheid,2.46,2.79,7.8,16,N
rivier,stroom,5.33,2.91,8.45,16,N
roddel,nieuws,4.08,2.59,6.73,16,N
saai,grappig,1.91,2.28,5.18,16,A
samenwerken,aansluiten bij,3.77,2.34,5.47,16,V
schaap,vee,3.82,3.03,9.19,16,N
slecht,geweldig,1.75,2.79,7.76,16,A
slecht,vreselijk,5.91,2.69,7.22,16,A
spel,actie,3.74,3.39,11.47,16,N
spel,plezier,3.7,2.92,8.55,16,N
steak,vlees,6.13,2.85,8.12,16,N
stelen,kopen,2.73,2.88,8.3,16,V
storm,orkaan,7.09,1.99,3.95,16,N
strand,rif,2.08,2.47,6.11,16,N
student,leerling,7.77,2.15,4.64,16,N
sturen,bijwonen,1.85,1.95,3.79,16,V
telefoon,cel,2.21,3.15,9.89,16,N
tevredenstellen,pleiten,1.56,1.38,1.89,16,V
uithoudingsvermogen,kracht,5.13,3.18,10.13,16,N
vader,broer,1.97,2.74,7.52,16,N
verdienen,nemen,2.57,2.38,5.64,16,V
vereniging,maatschappij,2.92,2.64,6.95,16,N
verklaren,uitleggen,7.88,1.32,1.73,16,V
verloven,trouwen,4.94,3.36,11.3,16,V
vermenigvuldigen,delen,3.63,3.41,11.63,16,V
vernietiging,constructie,1.9,2.01,4.05,16,N
verschijnen,bijwonen,3.78,2.83,8.02,16,V
vertrekken,achterblijven,1.95,2.63,6.9,16,V
vervuiling,president,0.88,0.78,0.61,16,N
verwerven,vinden,2.7,2.2,4.82,16,V
vlees,brood,1.41,2.08,4.31,16,N
volkslied,verovering,1.36,1.99,3.96,16,N
vriend,moeder,1.78,2.71,7.35,16,N
vriend,jongen,3.37,1.96,3.84,16,N
water,zout,0.87,0.64,0.41,16,N
weg,steeg,3.54,2.63,6.93,16,N
whisky,jenever,4.06,2.87,8.26,16,N
whisky,champagne,3.02,2.85,8.14,16,N
willen,kiezen,3.56,3.08,9.52,16,V
winnaar,aanwezigheid,1.64,2.15,4.61,16,N
woord,krant,1.33,1.16,1.34,16,N
woord,literatuur,2.92,2.1,4.41,16,N
woord,woordenboek,2.48,2.58,6.64,16,N
zee,oceaan,7.11,3.15,9.9,16,N
zeggen,deelnemen,2.67,2.29,5.23,16,V
zonsondergang,zonsopgang,3.67,3.32,11.02,16,N
zoon,vader,2.71,3.28,10.77,16,N
zuid,noord,2.93,3.08,9.47,16,N
aandacht,bewustzijn,5.36,2.61,6.81,17,N
aanmoedigen,ontmoedigen,1.71,2.18,4.74,17,V
aanwezigheid,deur,1.02,1.5,2.25,17,N
aardig,wreed,1.28,1.53,2.34,17,A
aartsbisschop,bisschop,6.76,1.57,2.46,17,N
accepteren,aanbevelen,2.42,2.22,4.93,17,V
accepteren,bezorgen,1.41,1.55,2.41,17,V
accepteren,vergeven,3.64,2.26,5.11,17,V
activiteit,beweging,6.22,1.91,3.64,17,N
actrice,acteur,8.33,2.22,4.91,17,N
adviseren,aanbevelen,7.26,2.92,8.56,17,V
akkoord gaan,argumenteren,2.52,2.25,5.05,17,V
alcohol,whisky,3.48,2.88,8.31,17,N
alcohol,wijn,3.94,2.62,6.84,17,N
anders,normaal,1.16,0.95,0.91,17,A
appartement,hotel,3.4,2.47,6.08,17,N
appel,snoep,1.69,2.08,4.35,17,N
argumenteren,overtuigen,5.75,2.7,7.27,17,V
argumenteren,rationaliseren,4,3.39,11.49,17,V
arm,ader,2.05,2.38,5.65,17,N
arm,knie,1.63,1.84,3.39,17,N
artikel,tijdschrift,3.16,2.86,8.15,17,N
augustus,maand,3.9,2.7,7.29,17,N
auto,lift,1.41,1.47,2.15,17,N
auto,snelweg,3.12,3.46,11.98,17,N
auto,fabriek,1.74,1.98,3.91,17,N
auto,slang,1.38,2.23,4.99,17,N
avond,schemering,5.64,2.64,6.97,17,N
bal,kostuum,2.64,2.69,7.25,17,N
balk,gevangenis,1.42,1.86,3.45,17,N
ballade,lied,5.53,2.8,7.84,17,N
bank,stoel,5.38,2.96,8.76,17,N
basketbal,honkbal,2.53,2.6,6.78,17,N
bed,meubels,3.31,2.53,6.41,17,N
bedrijf,industrie,4.18,2.95,8.68,17,N
bedrijf,onderneming,8.72,1.19,1.41,17,N
beest,dier,8.59,1.63,2.67,17,N
beginnen,gaan,2.19,1.62,2.64,17,V
beginnen,stoppen,1.89,2.66,7.09,17,V
beginnen,ontstaan,6.62,2.79,7.78,17,V
begrijpen,luisteren,3.99,2.9,8.39,17,V
begrijpen,weten,4.81,2.85,8.14,17,V
bel,deur,2.09,2.11,4.46,17,N
beleefd,gepast,6.28,2.62,6.88,17,A
belichamen,melden,1.44,1.86,3.46,17,V
benoemen,kiezen,1.87,1.35,1.82,17,V
bepalen,voorspellen,2.69,2.32,5.4,17,V
bereiken,proberen,2.68,2.49,6.22,17,V
berg,richel,1.58,1.9,3.6,17,N
besteden,redden,1.06,0.75,0.56,17,V
betaalbaar,goedkoop,6.43,2.17,4.71,17,A
bier,champagne,1.99,2.28,5.2,17,N
bijwonen,aankomen,1.32,1.05,1.1,17,V
biografie,fictie,1,1.7,2.9,17,N
bizar,vreemd,8.11,2.07,4.27,17,A
blik,aluminium,5.78,2.83,8.02,17,N
blik,metaal,3.5,2.75,7.55,17,N
bloed,vlees,3.8,3.43,11.76,17,N
boek,bijbel,4.72,2.89,8.37,17,N
boek,essay,3.16,2.66,7.09,17,N
boek,tekst,5.78,2.74,7.49,17,N
boomstam,bad,0.96,0.82,0.66,17,N
boomstam,hout,3.72,2.65,7.01,17,N
boon,koffie,5.62,3.09,9.53,17,N
boos,blij,2.16,2.85,8.15,17,A
boot,anker,1.98,2.31,5.34,17,N
botten,enkel,1.93,2.03,4.12,17,N
botten,nek,2.21,2.13,4.53,17,N
breed,smal,1.79,2.28,5.19,17,A
breekbaar,kil,1.35,1.87,3.49,17,A
brengen,sturen,2.19,1.58,2.5,17,V
brief,paragraaf,1.76,1.66,2.74,17,N
broederschap,honkbal,1.5,1.55,2.4,17,N
broer,zoon,2.89,2.28,5.19,17,N
brood,kaas,2.62,3.18,10.1,17,N
brood,meel,4.62,3.48,12.11,17,N
broodje,lunch,3.62,2.37,5.62,17,N
bruid,prinses,2.25,2.09,4.37,17,N
buik,slaapkamer,0.77,1.08,1.17,17,N
cabine,hut,6.18,2.87,8.21,17,N
cd,computer,2.05,1.64,2.7,17,N
cent,maat,1.2,1.14,1.31,17,N
citroen,thee,1.7,2,3.99,17,N
code,symbool,3.77,2.98,8.91,17,N
communicatie,gesprek,6.98,1.7,2.89,17,N
competentie,vermogen,7.73,2.33,5.41,17,N
componist,schrijver,4.21,2.25,5.07,17,N
conditie,jongen,0.98,1.6,2.57,17,N
container,muis,0.94,1.88,3.53,17,N
creëren,vernietigen,1.44,2.42,5.86,17,V
creëren,voorstellen,2.43,2.53,6.38,17,V
cruciaal,belangrijk,8.59,1.08,1.16,17,A
dag,dageraad,4.09,3.36,11.29,17,N
dak,vloer,1.15,0.79,0.62,17,N
datum,kalender,4.26,3.3,10.9,17,N
decennium,eeuw,2.55,2.32,5.39,17,N
dek,muis,1.03,0.97,0.94,17,V
denken,besluiten,2.2,1.92,3.69,17,V
deur,gang,1.98,2.05,4.2,17,N
deur,kelder,1.29,1.47,2.17,17,N
dier,persoon,3.52,2.92,8.51,17,N
diner,kip,1.88,1.78,3.17,17,N
diner,soep,2.7,2.45,5.98,17,N
diner,ontbijt,2.5,2.32,5.4,17,N
doden,vernietigen,4.8,2.39,5.7,17,N
doelwit,zoektocht,1.91,1.87,3.48,17,V
doen,gebeuren,2.86,2.59,6.69,17,V
doen alsof,lijken,5.86,3.03,9.17,17,V
doen alsof,uitbeelden,5.41,2.67,7.14,17,N
dokter,professor,4.68,2.6,6.74,17,N
dokter,orthodontist,2.54,2.51,6.32,17,N
dom,dwaas,6.57,2.58,6.64,17,A
dom,onderontwikkeld,4.56,2.96,8.79,17,A
doos,lift,0.79,0.73,0.54,17,N
doos,kraampje,1.39,1.36,1.84,17,V
dragen,brengen,1.86,2.17,4.72,17,N
eenvoudig,gemakkelijk,9.04,0.9,0.81,17,A
eiland,taak,0.8,0.79,0.62,17,A
elegantie,stijl,6.35,2.37,5.6,17,N
enkel,raam,0.86,0.8,0.64,17,A
enorm,sprakeloos,0.99,1.29,1.67,17,V
essentieel,noodzakelijk,8.55,1.51,2.29,17,A
falen,ontmoedigen,2.67,2.73,7.43,17,A
fantastisch,kwaad,0.95,0.85,0.73,17,N
feest,ceremonie,5.23,2.51,6.31,17,N
fiets,slaapkamer,0.83,1.39,1.94,17,N
film,filmrol,3.92,3.04,9.27,17,N
fles,container,2.75,1.79,3.22,17,A
gaan,binnenkomen,2.11,1.96,3.84,17,V
gaan,sturen,1.72,1.73,2.98,17,V
gaan,verkopen,0.96,0.87,0.76,17,N
gat,overeenkomst,0.78,1.16,1.35,17,N
geld,vermogen,6.36,2.63,6.93,17,N
geloof,indruk,2.04,2.08,4.34,17,N
gelukkig,vrolijk,6.49,2.15,4.62,17,A
gelukkig,boos,0.98,1.77,3.12,17,A
genieten,vermaken,4.37,2.48,6.14,17,N
gevaar,bedreiging,7.87,1.17,1.38,17,N
gevangenis,keuze,0.98,1.67,2.78,17,V
geven,uitlenen,2.07,1.65,2.73,17,V
geven,weten,1.05,0.94,0.88,17,V
geven,stelen,1.19,1.65,2.74,17,V
gewelddadig,boos,3.48,2.16,4.66,17,A
geweldig,vreselijk,2,2.93,8.58,17,N
glas,kristal,6.08,2.38,5.66,17,N
god,duivel,2.14,2.62,6.87,17,N
god,prooi,0.72,1.15,1.33,17,N
graan,tarwe,6.81,2.06,4.24,17,N
gras,stro,3.93,1.95,3.81,17,N
griep,koorts,5.13,2.52,6.33,17,V
groot,flexibel,1.63,1.62,2.64,17,A
groot,breed,4.4,2.85,8.1,17,A
hand,pols,2.55,2.63,6.9,17,N
hard,dicht,1.33,1.44,2.06,17,N
heerlijk,prachtig,4.76,2.36,5.55,17,A
heerlijk,vrolijk,3.03,1.78,3.18,17,N
helper,huishulp,5.37,2.75,7.54,17,N
herinneren,vergeten,1.55,1.94,3.77,17,N
heup,lip,1.06,1.37,1.88,17,N
hoed,jas,1.54,2.05,4.19,17,N
hogeschool,klas,3.07,2.42,5.88,17,N
hond,paard,2.16,2.27,5.15,17,N
hoofd,nagel,1.22,1.97,3.89,17,N
hoofdstuk,keuze,1.44,1.98,3.92,17,N
hoorn,trommel,1.4,1.99,3.95,17,V
houden,beschermen,2.88,2.58,6.65,17,V
houden,geven,1.72,2.1,4.43,17,V
hout,stam,2.84,2.28,5.2,17,N
houtskool,kool,4.24,3.05,9.27,17,N
huis,tapijt,1.74,2.14,4.6,17,N
humeur,emotie,4.83,2.51,6.32,17,N
idee,beeld,5.46,3.14,9.89,17,N
illegaal,immoreel,3.39,2.14,4.58,17,V
insect,bij,3.37,2.59,6.72,17,N
intelligentie,logica,4.36,2.72,7.39,17,N
intelligentie,vaardigheid,2.87,2.05,4.19,17,N
intelligentie,inzicht,4.66,2.95,8.69,17,N
jachthond,vos,2.99,2.66,7.09,17,N
jongen,kind,3.78,2.45,6.01,17,N
kamer,bad,1.31,1.54,2.38,17,N
kampioen,winnaar,8.16,1.3,1.68,17,N
kat,huisdier,4.13,2.98,8.9,17,N
kat,leeuw,3.33,2.87,8.21,17,N
kerel,partner,3.45,2.24,5,17,N
kerel,meisje,1.14,1.42,2.01,17,N
kerk,koor,1.89,2.2,4.86,17,N
kerktoren,kapel,4.07,2.87,8.23,17,N
kiezen,stemmen op,5.45,2.14,4.59,17,N
kind,jongen,3.69,2.1,4.42,17,N
kip,rijst,1.93,2.43,5.88,17,N
kip,steak,2.53,2.46,6.06,17,V
klagen,argumenteren,1.05,1.19,1.41,17,N
kleding,textiel,4.69,3.57,12.74,17,N
kleding,jas,3.18,2.33,5.41,17,N
kleding,mantel,2.4,2.2,4.85,17,N
kleding,lade,1.82,2.07,4.3,17,A
kom,staart,0.67,1.1,1.21,17,V
kort,lang,1.78,2.52,6.37,17,N
kracht,vermogen,6.92,1.87,3.51,17,A
ledemaat,been,4.74,2.55,6.51,17,N
leider,burgemeester,4.16,3.34,11.17,17,N
leider,manager,7.14,2.48,6.13,17,V
lepel,beker,1.52,2.11,4.45,17,N
leuk,grootmoedig,2.06,1.9,3.61,17,N
lever,long,2.47,2.66,7.08,17,V
lezen,begrijpen,3.37,2.8,7.83,17,N
lichaam,borst,1.63,1.05,1.11,17,N
lichaam,buik,2.03,1.73,2.98,17,N
lichaam,ruggengraat,1.62,1.55,2.41,17,N
lichaam,schouder,2.59,2.21,4.9,17,N
linnen,stof,5.48,2.9,8.39,17,N
logica,rekenkunde,4.15,2.98,8.87,17,V
luchtvaart,vlucht,3.57,2.52,6.37,17,V
maaltijd,diner,6.75,1.73,2.99,17,N
maan,planeet,4.28,3.37,11.36,17,N
maat,omvang,5.5,2.8,7.82,17,N
maken,worden,2.15,1.42,2.01,17,N
makkelijk,groot,0.96,0.96,0.92,17,A
makkelijk,moeilijk,2.17,3.03,9.18,17,A
makkelijk,flexibel,5.85,2.88,8.27,17,A
man,echtgenoot,5.51,3.13,9.82,17,N
man,kind,1.85,2.23,4.98,17,N
man,schildwacht,1.48,1.46,2.12,17,N
man,strijder,2.21,2.13,4.54,17,N
marihuana,kruid,4.18,2.99,8.95,17,N
marine,leger,6.68,2.24,5,17,N
meer,moeras,1.91,2.02,4.07,17,N
meisje,dienstmeisje,1.93,2.36,5.55,17,N
menigte,massa,8.29,1.43,2.05,17,N
menigte,parade,2.74,2.36,5.58,17,N
mening,keuze,3.29,2.34,5.48,17,N
mening,idee,5.32,2.65,7,17,N
mensen,partij,2.15,2.62,6.87,17,N
metaal,aluminium,4.56,2.8,7.83,17,N
meter,decimeter,3.28,2.48,6.13,17,N
misdaad,fraude,5.45,2.53,6.39,17,N
modern,oud,1.15,1.82,3.3,17,A
moeder,beschermer,3.08,2.92,8.51,17,N
molecuul,atoom,4.95,3.02,9.15,17,N
mond,tand,3.47,3.47,12.01,17,N
mooi,prachtig,7.24,2.25,5.04,17,A
motregen,regen,5.91,3.29,10.81,17,N
nacht,hoofdstuk,1.2,1.89,3.57,17,N
nagel,duim,4.46,3.03,9.18,17,N
nagel,hand,2.84,3.29,10.82,17,N
najagen,overtuigen,2.99,2.65,7.04,17,V
negeren,vermijden,5.87,1.96,3.85,17,V
nemen,leveren,2.57,3.08,9.46,17,V
nieuw,vers,6.69,2.06,4.23,17,A
oever,kust,5.08,2.2,4.82,17,N
officier van justitie,advocaat,3.25,3.19,10.14,17,N
olie,nerts,1.81,1.45,2.09,17,N
omstandigheid,situatie,7.51,2.06,4.25,17,N
onderkant,zijkant,2.15,2.23,4.98,17,N
ongeduldig,nerveus,4.22,2.62,6.86,17,A
ongeval,noodgeval,5.8,2.78,7.72,17,N
ongeval,ramp,5.48,2.02,4.08,17,N
ontbijt,avondeten,2.34,2.58,6.68,17,N
oog,traan,4.61,3.4,11.53,17,N
opnemen,bezitten,1.57,1.22,1.49,17,V
opnemen,leren,4.69,2.35,5.52,17,V
opslagplaats,hut,2.47,1.98,3.92,17,N
organiseren,worden,1.34,1.79,3.2,17,V
ouder,volwassene,5.33,2.62,6.86,17,N
overnadenken,denken,6.74,1.66,2.76,17,V
overwinnen,domineren,3.93,2.65,7.05,17,V
overwinning,zege,7.93,1.99,3.97,17,N
papier,karton,4.51,2.28,5.2,17,N
pistool,kanon,4.19,2.43,5.92,17,N
pistool,truc,0.94,0.75,0.56,17,N
pistool,dageraad,1,1.71,2.91,17,N
pleiten,bedelen,1.73,1.85,3.4,17,V
polyester,katoen,2.23,2.46,6.05,17,N
portemonnee,tas,3.52,2.89,8.35,17,N
pot,huishoudelijk apparaat,2.36,2.35,5.5,17,N
president,burgemeester,2.51,2.19,4.78,17,N
priester,monnik,3.98,2.56,6.58,17,N
prinses,eiland,0.87,0.81,0.66,17,N
redden,beschermen,3.8,2.12,4.48,17,V
reflectie,afbeelding,3.46,1.57,2.48,17,N
rijkdom,aanzien,3.08,2.13,4.55,17,N
rijst,boon,2.13,2.02,4.07,17,N
rijst,jongen,0.87,0.94,0.89,17,N
ritme,melodie,5.65,2.92,8.5,17,N
rivier,vallei,2.58,2.65,7,17,N
ruw,koel,1.39,1.07,1.14,17,A
samenvoegen,trouwen,2.74,2.55,6.53,17,V
samenvoegen,toevoegen,3.43,3.16,10,17,V
school,wet,2.17,2.92,8.52,17,N
schuldig,beschaamd,3.54,2.6,6.76,17,A
situatie,omstandigheid,7.76,2.07,4.3,17,N
slagen,falen,1.43,1.97,3.87,17,V
slagen,proberen,1.8,1.77,3.14,17,V
slim,dom,2.72,3.12,9.76,17,A
sluw,koppig,1.54,1.64,2.68,17,A
sluw,slim,4.08,3.01,9.09,17,A
spek,boon,1.68,2.48,6.16,17,N
spier,botten,1.81,1.87,3.51,17,N
spreken,erkennen,1.42,0.85,0.72,17,V
steeg,kom,0.82,1.21,1.47,17,N
stellig,zeker,5.41,3.64,13.28,17,A
stijl,mode,6.08,2.36,5.59,17,N
stoel,bank,2.67,2.16,4.66,17,N
straal,zonneschijn,4.99,3.06,9.38,17,N
straat,auto,0.89,0.72,0.52,17,N
strand,kust,7.2,1.88,3.54,17,N
strand,zee,4.62,3.39,11.52,17,N
strand,eiland,2.72,2.65,7.03,17,N
student,president,1.28,2.14,4.59,17,N
sturen,ontvangen,1.78,2.26,5.1,17,V
taak,beroep,2.95,2.27,5.16,17,N
taak,snelweg,0.94,1.55,2.4,17,N
taak,vrouw,1.48,2.26,5.1,17,N
tabak,sigaret,5.7,2.92,8.51,17,N
tandarts,kolonel,0.7,1.3,1.69,17,N
tante,neef,2.33,2.52,6.37,17,N
taxi,bus,2.04,1.77,3.13,17,N
toevoegen,bouwen,2.42,2.06,4.26,17,V
truc,maat,1.32,1.44,2.07,17,N
uitbundigheid,overvloed,4.44,3.06,9.34,17,N
vader,moeder,5.4,3.2,10.21,17,N
vader,god,1.76,1.85,3.44,17,N
vader,ouder,6.89,2.53,6.38,17,N
vee,rundvlees,3.59,3.12,9.75,17,N
verdrag,overeenkomst,8.48,1.37,1.87,17,N
vergeten,negeren,2.34,2.2,4.84,17,V
vergeven,vergeten,3.01,3.04,9.22,17,V
verjaardag,jaar,4.39,3.11,9.68,17,N
bekendmaken,aankondigen,5.2,2.51,6.32,17,V
vermoeden,doen alsof,1.21,1.47,2.15,17,V
vermoeden,voorspellen,5.11,1.96,3.83,17,V
vers,breed,1.29,1.79,3.21,17,A
vertrekken,zwerven,2.52,2.46,6.04,17,V
vertrekken,verschijnen,1.27,1.36,1.86,17,V
verwerven,krijgen,5.04,3.18,10.14,17,V
verzamelen,ontmoeten,3.22,2.72,7.39,17,V
vinger,handpalm,1.15,0.97,0.93,17,N
viool,instrument,3.86,2.62,6.88,17,N
vitamine,ijzer,2.42,2.5,6.24,17,N
vlees,broodje,1.7,2.38,5.67,17,N
vloer,plafond,1.93,2.21,4.86,17,N
voertuig,bus,3.6,3.42,11.7,17,N
vogel,kip,4.27,3.17,10.02,17,N
vogel,kalkoen,4.18,2.37,5.62,17,N
volwassene,baby,2.32,2.99,8.96,17,N
vreugde,trots,3.28,2.71,7.36,17,N
vriend,maat,7.25,2.71,7.33,17,N
vriend,gast,2.89,2.42,5.87,17,N
vriend,partner,5.84,1.97,3.87,17,N
vriendelijk,vrijgevig,4.57,2.83,7.99,17,A
vrouw,secretaresse,1.84,1.64,2.7,17,N
vrouw,echtgenote,6.59,2.44,5.98,17,N
wagen,rijtuig,7.05,2.54,6.44,17,N
wagen,container,2.6,2.74,7.53,17,N
wang,tong,3.22,2.49,6.18,17,N
wanhoop,ongeluk,4.35,3.55,12.6,17,N
water,ijs,3.37,3.11,9.65,17,N
werkgever,werknemer,2.86,2.93,8.61,17,N
weten,begrijpen,5.32,2.33,5.42,17,V
wetenschap,psychologie,3.16,2.84,8.06,17,N
wijn,brandewijn,3.29,2.78,7.75,17,N
wijn,likeur,3,2.31,5.34,17,N
wijsheid,intelligentie,6.42,2.54,6.45,17,N
winnaar,kandidaat,1.68,1.9,3.6,17,N
woede,stemming,2.17,1.99,3.96,17,N
wolk,mist,6.5,2.14,4.56,17,N
wolk,nevel,5.85,2.35,5.54,17,N
wolk,waas,4.77,2.36,5.55,17,N
wolk,weer,1.94,1.95,3.8,17,N
woordenboek,definitie,2.42,2.41,5.79,17,N
worden,verschijnen,2.97,2.05,4.21,17,V
zaad,mosterd,1.88,1.93,3.72,17,N
zelden,zeldzaam,6.09,2.59,6.7,17,A
zelfvertrouwen,zelf,2.1,1.64,2.68,17,N
ziek,gek,2.3,2.03,4.13,17,A
zondaar,heilige,1.57,1.92,3.67,17,N
bed,stoel,2.07,2.66,7.08,18,N
beroep,management,2.04,2.56,6.54,18,N
blijven,behouden,5.54,2.61,6.82,18,V
boter,aardappel,1.04,1.11,1.24,18,N
broederschap,deur,1.85,3.18,10.09,18,N
camera,president,1.69,2.48,6.16,18,N
decimeter,centimeter,3.23,3.16,9.99,18,V
desorganiseren,organiseren,2.68,2.76,7.61,18,N
emotie,passie,5.09,2.49,6.18,18,N
gelukkigheid,vrede,3.98,3.18,10.12,18,V
hut,huisje,6.41,1.96,3.83,18,N
mensen,cent,1.05,1.42,2.01,18,N
nemen,stelen,4.14,2.54,6.46,18,V
nemen,verkrijgen,4.83,2.82,7.94,18,V
nerts,bont,3.36,3.16,9.96,18,N
onrustig,jong,1.37,1.87,3.5,18,A
proberen,denken,0.99,1.5,2.26,18,V
rat,muis,4.75,3.03,9.2,18,N
suiker,honing,3.32,2.22,4.92,18,N
vertrekken,binnenkomen,1.88,2.35,5.54,18,V
vinden,verdwijnen,1.49,2.32,5.39,18,V
vragen,pleiten,2.31,2.5,6.24,18,V
vreemd,eigenaardig,7.41,2.9,8.43,18,A
woord,referentie,2.07,2.59,6.72,18,N
zin,woord,2.91,2.77,7.66,18,N
zonsondergang,avond,5.22,2.9,8.43,18,N
arm,spier,2.86,2.6,6.74,19,N
atoom,koolstof,2.26,2.12,4.51,19,N
bed,bank,2.57,2.29,5.23,19,N
bed,deken,3.27,3.15,9.94,19,N
bloem,volharding,1.55,1.59,2.53,19,N
boot,auto,1.7,1.65,2.72,19,N
chocolade,taart,2.32,2.13,4.53,19,N
feit,inzicht,2.6,2.37,5.6,19,N
geld,parel,1.45,1.3,1.69,19,N
god,priester,2.51,2.79,7.77,19,N
hand,duim,2.81,2.69,7.22,19,N
jongen,soldaat,1.51,1.51,2.29,19,N
kanker,ziekte,5.18,3.56,12.7,19,N
kapitein,matroos,4.25,3.18,10.11,19,N
kinderbed,wieg,6.15,2.64,6.97,19,N
krant,informatie,3.86,3.13,9.77,19,V
moeilijk,gemakkelijk,1.92,2.58,6.67,19,A
muziek,melodie,5.26,2.98,8.88,19,N
neef,oom,3.1,2.96,8.77,19,N
negeren,vragen,0.76,0.6,0.36,19,V
scheikunde,theorie,1.93,1.66,2.75,19,N
spreken,luisteren,2.13,2.72,7.42,19,V
verliezen,falen,5.51,2.94,8.65,19,V
volkslied,rietje,0.87,0.71,0.51,19,N
vragen,bidden,1.62,1.31,1.72,19,V
waarde,geloof,2.98,2.67,7.14,19,N